Date ; Iconuc1 ;Iconuc2 ;Tabarnuc1 ;Tabarnuc2 ;NucPlusUltra1 ;NucPlusUltra2 ; Gazby ; Pégaz ; Samagaz ; Omaïgaz1 ; Omaïgaz2 ; Gastafiore ;Igaznodon1 ;Igaznodon2 ;Cogénérations ;Coron1 ;Coron2 ;Mockingjay ;Lantier ;Tacotac ;TicEtTac ;Hydro ; STEP pompage ; STEP turbinage ; Batterie injection ; Batterie soutirage ; RES ; load ; Net load 
2023-01-01T00:00:00 ; 810.0 ; 810.0 ; 810.0 ; 810.0 ; 1170.0 ; 1170.0 ; -0.0 ; -0.0 ; 0.0 ; 0.0 ; 0.0 ; 0.0 ; 0.0 ; 0.0 ; 0.0 ; 540.0 ; 540.0 ; 540.0 ; 540.0 ; 0.0 ; 0.0 ; 515.0 ;0.0 ; 0.0 ;0.0 ; 0.0 ;2820 ;  11075 ; 8255 
2023-01-01T01:00:00 ; 810.0 ; 810.0 ; 810.0 ; 810.0 ; 1170.0 ; 1170.0 ; -0.0 ; -0.0 ; 0.0 ; 0.0 ; 0.0 ; 0.0 ; 0.0 ; 0.0 ; 0.0 ; 540.0 ; 540.0 ; 540.0 ; 540.0 ; 0.0 ; 0.0 ; 547.0 ;0.0 ; 0.0 ;0.0 ; 0.0 ;2486 ;  10773 ; 8287 
2023-01-01T02:00:00 ; 810.0 ; 810.0 ; 810.0 ; 810.0 ; 1170.0 ; 1170.0 ; 0.0 ; -0.0 ; 0.0 ; -0.0 ; 0.0 ; 0.0 ; 0.0 ; 0.0 ; 0.0 ; 540.0 ; 540.0 ; 540.0 ; 540.0 ; 0.0 ; 0.0 ; 1330.0 ;0.0 ; 0.0 ;0.0 ; 0.0 ;1361 ;  10431 ; 9070 
2023-01-01T03:00:00 ; 810.0 ; 810.0 ; 810.0 ; 810.0 ; 1170.0 ; 1170.0 ; -0.0 ; -0.0 ; 0.0 ; 0.0 ; -0.0 ; -0.0 ; 0.0 ; 0.0 ; 0.0 ; 540.0 ; 540.0 ; 540.0 ; 540.0 ; 0.0 ; 0.0 ; 982.0 ;0.0 ; 0.0 ;0.0 ; 0.0 ;1243 ;  9965 ; 8722 
2023-01-01T04:00:00 ; 810.0 ; 810.0 ; 810.0 ; 810.0 ; 1170.0 ; 1170.0 ; 0.0 ; 0.0 ; 0.0 ; -0.0 ; -0.0 ; 0.0 ; 0.0 ; 0.0 ; 0.0 ; 540.0 ; 540.0 ; 540.0 ; 540.0 ; 0.0 ; 0.0 ; 605.0 ;0.0 ; 0.0 ;0.0 ; 0.0 ;1482 ;  9827 ; 8345 
2023-01-01T05:00:00 ; 810.0 ; 810.0 ; 810.0 ; 810.0 ; 1170.0 ; 1170.0 ; 206.65000000000146 ; -0.0 ; 0.0 ; 0.0 ; 0.0 ; 0.0 ; 0.0 ; 0.0 ; 0.0 ; 540.0 ; 540.0 ; 540.0 ; 540.0 ; 0.0 ; 0.0 ; 850.3499999999985 ;0.0 ; 0.0 ;0.0 ; 0.0 ;1319 ;  10116 ; 8797 
2023-01-01T06:00:00 ; 810.0 ; 810.0 ; 810.0 ; 810.0 ; 1170.0 ; 1170.0 ; 351.0 ; 0.0 ; -0.0 ; -0.0 ; 0.0 ; 0.0 ; 0.0 ; 0.0 ; 0.0 ; 540.0 ; 540.0 ; 540.0 ; 540.0 ; 0.0 ; 0.0 ; 1014.0 ;0.0 ; 0.0 ;0.0 ; 0.0 ;1603 ;  10708 ; 9105 
2023-01-01T07:00:00 ; 810.0 ; 810.0 ; 810.0 ; 810.0 ; 1170.0 ; 1170.0 ; 351.0 ; -0.0 ; -0.0 ; -0.0 ; 0.0 ; 0.0 ; 0.0 ; 0.0 ; 0.0 ; 540.0 ; 540.0 ; 540.0 ; 540.0 ; 0.0 ; 0.0 ; 1435.0 ;0.0 ; 0.0 ;0.0 ; 0.0 ;1669 ;  11195 ; 9526 
2023-01-01T08:00:00 ; 810.0 ; 810.0 ; 810.0 ; 810.0 ; 1170.0 ; 1170.0 ; 351.0 ; 0.0 ; 0.0 ; -0.0 ; -0.0 ; -0.0 ; 0.0 ; 0.0 ; 0.0 ; 540.0 ; 540.0 ; 540.0 ; 540.0 ; 0.0 ; 0.0 ; 882.0 ;0.0 ; 0.0 ;0.0 ; 0.0 ;2507 ;  11480 ; 8973 
2023-01-01T09:00:00 ; 810.0 ; 810.0 ; 810.0 ; 810.0 ; 1170.0 ; 1170.0 ; -0.0 ; -0.0 ; -0.0 ; -0.0 ; 0.0 ; -0.0 ; 0.0 ; 0.0 ; 0.0 ; 540.0 ; 540.0 ; 540.0 ; 540.0 ; 0.0 ; 0.0 ; 1421.0 ;0.0 ; 0.0 ;0.0 ; 0.0 ;2551 ;  11712 ; 9161 
2023-01-01T10:00:00 ; 810.0 ; 810.0 ; 810.0 ; 810.0 ; 1170.0 ; 1170.0 ; -0.0 ; -0.0 ; 0.0 ; -0.0 ; 0.0 ; -0.0 ; 0.0 ; 0.0 ; 0.0 ; 540.0 ; 540.0 ; 540.0 ; 540.0 ; 0.0 ; 0.0 ; 1134.0 ;0.0 ; 0.0 ;0.0 ; 0.0 ;2968 ;  11842 ; 8874 
2023-01-01T11:00:00 ; 810.0 ; 810.0 ; 810.0 ; 810.0 ; 1170.0 ; 1170.0 ; 0.0 ; -0.0 ; -0.0 ; -0.0 ; -0.0 ; -0.0 ; 0.0 ; 0.0 ; 0.0 ; 540.0 ; 540.0 ; 540.0 ; 540.0 ; 0.0 ; 0.0 ; 810.0 ;0.0 ; 0.0 ;0.0 ; 0.0 ;3427 ;  11977 ; 8550 
2023-01-01T12:00:00 ; 810.0 ; 810.0 ; 810.0 ; 810.0 ; 1170.0 ; 1170.0 ; -0.0 ; 0.0 ; 0.0 ; -0.0 ; 0.0 ; 0.0 ; 0.0 ; 0.0 ; 0.0 ; 540.0 ; 540.0 ; 540.0 ; 540.0 ; 0.0 ; 0.0 ; 717.0 ;0.0 ; 0.0 ;0.0 ; 0.0 ;3743 ;  12200 ; 8457 
2023-01-01T13:00:00 ; 810.0 ; 810.0 ; 810.0 ; 810.0 ; 1170.0 ; 1170.0 ; 0.0 ; 0.0 ; 0.0 ; -0.0 ; 0.0 ; 0.0 ; 0.0 ; 0.0 ; 0.0 ; 540.0 ; 540.0 ; 540.0 ; 540.0 ; 0.0 ; 0.0 ; 239.0 ;0.0 ; 0.0 ;0.0 ; 0.0 ;3793 ;  11772 ; 7979 
2023-01-01T14:00:00 ; 810.0 ; 810.0 ; 810.0 ; 810.0 ; 1170.0 ; 1170.0 ; 0.0 ; 0.0 ; 0.0 ; 0.0 ; 0.0 ; 0.0 ; 0.0 ; 0.0 ; 0.0 ; 226.0 ; 540.0 ; 540.0 ; 540.0 ; 0.0 ; 0.0 ; 0.0 ;0.0 ; 0.0 ;0.0 ; 0.0 ;3979 ;  11405 ; 7426 
2023-01-01T15:00:00 ; 810.0 ; 810.0 ; 810.0 ; 810.0 ; 1170.0 ; 1170.0 ; 0.0 ; 0.0 ; 0.0 ; 0.0 ; 0.0 ; 0.0 ; 0.0 ; 0.0 ; 0.0 ; 210.0 ; 391.0 ; 540.0 ; 540.0 ; 0.0 ; 0.0 ; 0.0 ;0.0 ; 0.0 ;0.0 ; 0.0 ;3886 ;  11147 ; 7261 
2023-01-01T16:00:00 ; 810.0 ; 810.0 ; 810.0 ; 810.0 ; 1170.0 ; 1170.0 ; 0.0 ; 0.0 ; 0.0 ; 0.0 ; 0.0 ; 0.0 ; 0.0 ; 0.0 ; 0.0 ; 210.0 ; 519.0 ; 540.0 ; 540.0 ; 0.0 ; 0.0 ; 0.0 ;0.0 ; 0.0 ;0.0 ; 0.0 ;3680 ;  11069 ; 7389 
2023-01-01T17:00:00 ; 810.0 ; 810.0 ; 810.0 ; 810.0 ; 1170.0 ; 1170.0 ; -0.0 ; 0.0 ; -0.0 ; -0.0 ; 0.0 ; 0.0 ; 0.0 ; 0.0 ; 0.0 ; 540.0 ; 540.0 ; 540.0 ; 540.0 ; 0.0 ; 0.0 ; 417.0 ;0.0 ; 0.0 ;0.0 ; 0.0 ;3443 ;  11600 ; 8157 
2023-01-01T18:00:00 ; 810.0 ; 810.0 ; 810.0 ; 810.0 ; 1170.0 ; 1170.0 ; -0.0 ; -0.0 ; 0.0 ; -0.0 ; 0.0 ; -0.0 ; 0.0 ; 0.0 ; 0.0 ; 540.0 ; 540.0 ; 540.0 ; 540.0 ; 0.0 ; 0.0 ; 1390.0 ;0.0 ; 0.0 ;0.0 ; 0.0 ;2941 ;  12071 ; 9130 
2023-01-01T19:00:00 ; 810.0 ; 810.0 ; 810.0 ; 810.0 ; 1170.0 ; 1170.0 ; 0.0 ; 0.0 ; 0.0 ; -0.0 ; 0.0 ; -0.0 ; 0.0 ; 0.0 ; 0.0 ; 540.0 ; 540.0 ; 540.0 ; 540.0 ; 0.0 ; 0.0 ; 1988.0 ;0.0 ; 0.0 ;0.0 ; 0.0 ;2376 ;  12104 ; 9728 
2023-01-01T20:00:00 ; 810.0 ; 810.0 ; 810.0 ; 810.0 ; 1170.0 ; 1170.0 ; 0.0 ; 0.0 ; -0.0 ; 0.0 ; 0.0 ; 0.0 ; 0.0 ; 0.0 ; 0.0 ; 540.0 ; 540.0 ; 540.0 ; 540.0 ; 0.0 ; 0.0 ; 1237.0 ;0.0 ; 0.0 ;0.0 ; 0.0 ;2607 ;  11584 ; 8977 
2023-01-01T21:00:00 ; 810.0 ; 810.0 ; 810.0 ; 810.0 ; 1170.0 ; 1170.0 ; 0.0 ; -0.0 ; 0.0 ; 0.0 ; 0.0 ; -0.0 ; 0.0 ; 0.0 ; 0.0 ; 540.0 ; 540.0 ; 540.0 ; 540.0 ; 0.0 ; 0.0 ; 934.0 ;0.0 ; 0.0 ;0.0 ; 0.0 ;2430 ;  11104 ; 8674 
2023-01-01T22:00:00 ; 810.0 ; 810.0 ; 810.0 ; 810.0 ; 1170.0 ; 1170.0 ; 0.0 ; -0.0 ; -0.0 ; 0.0 ; 0.0 ; 0.0 ; 0.0 ; 0.0 ; 0.0 ; 540.0 ; 540.0 ; 540.0 ; 540.0 ; 0.0 ; 0.0 ; 709.0 ;0.0 ; 0.0 ;0.0 ; 0.0 ;2978 ;  11427 ; 8449 
2023-01-01T23:00:00 ; 810.0 ; 810.0 ; 810.0 ; 810.0 ; 1170.0 ; 1170.0 ; -0.0 ; -0.0 ; 0.0 ; -0.0 ; 0.0 ; -0.0 ; 0.0 ; 0.0 ; 0.0 ; 540.0 ; 540.0 ; 540.0 ; 540.0 ; 0.0 ; 0.0 ; 651.0 ;0.0 ; 0.0 ;0.0 ; 0.0 ;3218 ;  11609 ; 8391 
2023-01-02T00:00:00 ; 810.0 ; 810.0 ; 810.0 ; 810.0 ; 1170.0 ; 1170.0 ; -0.0 ; 0.0 ; -0.0 ; -0.0 ; 0.0 ; -0.0 ; 0.0 ; 0.0 ; 0.0 ; 540.0 ; 540.0 ; 540.0 ; 540.0 ; 0.0 ; 0.0 ; 1219.0 ;0.0 ; 0.0 ;0.0 ; 0.0 ;2085 ;  11044 ; 8959 
2023-01-02T01:00:00 ; 810.0 ; 810.0 ; 810.0 ; 810.0 ; 1170.0 ; 1170.0 ; 0.0 ; 0.0 ; 0.0 ; 0.0 ; 0.0 ; 0.0 ; 0.0 ; 0.0 ; 0.0 ; 540.0 ; 540.0 ; 540.0 ; 540.0 ; 0.0 ; 0.0 ; 852.0 ;0.0 ; 0.0 ;0.0 ; 0.0 ;2211 ;  10803 ; 8592 
2023-01-02T02:00:00 ; 810.0 ; 810.0 ; 810.0 ; 810.0 ; 1170.0 ; 1170.0 ; 0.0 ; 0.0 ; 0.0 ; -0.0 ; 0.0 ; 0.0 ; 0.0 ; 0.0 ; 0.0 ; 540.0 ; 540.0 ; 540.0 ; 540.0 ; 0.0 ; 0.0 ; 320.0 ;0.0 ; 0.0 ;0.0 ; 0.0 ;2455 ;  10515 ; 8060 
2023-01-02T03:00:00 ; 810.0 ; 810.0 ; 810.0 ; 810.0 ; 1170.0 ; 1170.0 ; 0.0 ; 0.0 ; 0.0 ; 0.0 ; 0.0 ; 0.0 ; 0.0 ; 0.0 ; 0.0 ; 476.0 ; 540.0 ; 540.0 ; 540.0 ; 0.0 ; 0.0 ; 0.0 ;0.0 ; 0.0 ;0.0 ; 0.0 ;2387 ;  10063 ; 7676 
2023-01-02T04:00:00 ; 810.0 ; 810.0 ; 810.0 ; 810.0 ; 1170.0 ; 1170.0 ; 0.0 ; 0.0 ; 0.0 ; 0.0 ; 0.0 ; 0.0 ; 0.0 ; 0.0 ; 0.0 ; 480.0 ; 540.0 ; 540.0 ; 540.0 ; 0.0 ; 0.0 ; 0.0 ;-0.0 ; 0.0 ;0.0 ; 0.0 ;2246 ;  9926 ; 7680 
2023-01-02T05:00:00 ; 810.0 ; 810.0 ; 810.0 ; 810.0 ; 1170.0 ; 1170.0 ; -0.0 ; 0.0 ; 4.166832728963831e-13 ; 0.0 ; 0.0 ; -0.0 ; 0.0 ; 0.0 ; 0.0 ; 540.0 ; 540.0 ; 540.0 ; 540.0 ; 0.0 ; 0.0 ; 125.99999999999959 ;0.0 ; 0.0 ;0.0 ; 0.0 ;2293 ;  10159 ; 7866 
2023-01-02T06:00:00 ; 810.0 ; 810.0 ; 810.0 ; 810.0 ; 1170.0 ; 1170.0 ; -0.0 ; -0.0 ; 1.6258184549703835e-13 ; -0.0 ; 0.0 ; -0.0 ; 0.0 ; 0.0 ; 0.0 ; 540.0 ; 540.0 ; 540.0 ; 540.0 ; 0.0 ; 0.0 ; 433.99999999999983 ;0.0 ; 0.0 ;0.0 ; 0.0 ;2437 ;  10611 ; 8174 
2023-01-02T07:00:00 ; 810.0 ; 810.0 ; 810.0 ; 810.0 ; 1170.0 ; 1170.0 ; -0.0 ; 0.0 ; -0.0 ; -0.0 ; 0.0 ; 151.0 ; 0.0 ; 0.0 ; 0.0 ; 540.0 ; 540.0 ; 540.0 ; 540.0 ; 0.0 ; 0.0 ; 342.0 ;0.0 ; 0.0 ;0.0 ; 0.0 ;2799 ;  11032 ; 8233 
2023-01-02T08:00:00 ; 810.0 ; 810.0 ; 810.0 ; 810.0 ; 1170.0 ; 1170.0 ; 0.0 ; -0.0 ; -0.0 ; 0.0 ; 0.0 ; 387.0 ; 0.0 ; 0.0 ; 0.0 ; 540.0 ; 540.0 ; 540.0 ; 540.0 ; 0.0 ; 0.0 ; 78.0 ;0.0 ; 0.0 ;0.0 ; 0.0 ;3210 ;  11415 ; 8205 
2023-01-02T09:00:00 ; 810.0 ; 810.0 ; 810.0 ; 810.0 ; 1170.0 ; 1170.0 ; -0.0 ; 0.0 ; -0.0 ; -0.0 ; 0.0 ; 184.0 ; 0.0 ; 0.0 ; 0.0 ; 540.0 ; 540.0 ; 540.0 ; 540.0 ; 0.0 ; 0.0 ; 0.0 ;0.0 ; 0.0 ;0.0 ; 0.0 ;3743 ;  11667 ; 7924 
2023-01-02T10:00:00 ; 810.0 ; 810.0 ; 810.0 ; 810.0 ; 1170.0 ; 1170.0 ; -0.0 ; -0.0 ; -1.6258184549703835e-13 ; 0.0 ; 0.0 ; 210.00000000000034 ; 0.0 ; 0.0 ; 0.0 ; 540.0 ; 540.0 ; -0.0 ; 539.9999999999999 ; 0.0 ; 0.0 ; 0.0 ;0.0 ; 0.0 ;0.0 ; 0.0 ;4354 ;  11764 ; 7410 
2023-01-02T11:00:00 ; 810.0 ; 810.0 ; 810.0 ; 810.0 ; 1170.0 ; 1170.0 ; -0.0 ; -0.0 ; -0.0 ; 0.0 ; 0.0 ; 0.0 ; 0.0 ; 0.0 ; 0.0 ; 540.0000000000001 ; 0.0 ; -0.0 ; 539.9999999999999 ; 0.0 ; 0.0 ; 100.00000000000001 ;0.0 ; 0.0 ;0.0 ; 0.0 ;5072 ;  11832 ; 6760 
2023-01-02T12:00:00 ; 810.0 ; 810.0 ; 810.0 ; 810.0 ; 1170.0 ; 1170.0 ; 0.0 ; 0.0 ; 0.0 ; 0.0 ; 0.0 ; 0.0 ; 0.0 ; 0.0 ; 0.0 ; 540.0000000000001 ; 0.0 ; -0.0 ; 422.9999999999999 ; 0.0 ; 0.0 ; 0.0 ;-0.0 ; 0.0 ;0.0 ; 0.0 ;5530 ;  12073 ; 6543 
2023-01-02T13:00:00 ; 810.0 ; 810.0 ; 810.0 ; 810.0 ; 1170.0 ; 1170.0 ; 0.0 ; 0.0 ; 0.0 ; 0.0 ; 0.0 ; 0.0 ; 0.0 ; 0.0 ; 0.0 ; 234.00000000000003 ; 0.0 ; -0.0 ; 209.99999999999997 ; 0.0 ; 0.0 ; 0.0 ;0.0 ; 0.0 ;0.0 ; 0.0 ;5649 ;  11673 ; 6024 
2023-01-02T14:00:00 ; 810.0 ; 810.0 ; 810.0 ; 810.0 ; 1170.0 ; 1170.0 ; 0.0 ; 0.0 ; 0.0 ; 0.0 ; 0.0 ; 0.0 ; 0.0 ; 0.0 ; 0.0 ; 210.00000000000006 ; 0.0 ; -0.0 ; 209.99999999999997 ; 0.0 ; 0.0 ; 0.0 ;343.0 ; 0.0 ;0.0 ; 0.0 ;5660 ;  11317 ; 5657 
2023-01-02T15:00:00 ; 810.0 ; 810.0 ; 810.0 ; 810.0 ; 1170.0 ; 1170.0 ; 0.0 ; 0.0 ; 0.0 ; 0.0 ; 0.0 ; 0.0 ; 0.0 ; 0.0 ; 0.0 ; 210.00000000000006 ; 0.0 ; -0.0 ; 209.99999999999997 ; 0.0 ; 0.0 ; 0.0 ;367.0 ; 0.0 ;0.0 ; 0.0 ;5464 ;  11097 ; 5633 
2023-01-02T16:00:00 ; 810.0 ; 810.0 ; 810.0 ; 810.0 ; 1170.0 ; 1170.0 ; 0.0 ; 0.0 ; 0.0 ; 0.0 ; 0.0 ; 0.0 ; 0.0 ; 0.0 ; 0.0 ; 210.00000000000006 ; 0.0 ; -0.0 ; 209.99999999999997 ; 0.0 ; 0.0 ; 0.0 ;77.00000000000003 ; 0.0 ;0.0 ; 0.0 ;5185 ;  11108 ; 5923 
2023-01-02T17:00:00 ; 810.0 ; 810.0 ; 810.0 ; 810.0 ; 1170.0 ; 1170.0 ; -0.0 ; -0.0 ; -0.0 ; -0.0 ; -0.0 ; 158.0 ; 0.0 ; 0.0 ; 0.0 ; 540.0000000000001 ; 0.0 ; -0.0 ; 539.9999999999999 ; 0.0 ; 0.0 ; 0.0 ;0.0 ; 0.0 ;0.0 ; 0.0 ;4872 ;  11690 ; 6818 
2023-01-02T18:00:00 ; 810.0 ; 810.0 ; 810.0 ; 810.0 ; 1170.0 ; 1170.0 ; 0.0 ; -0.0 ; 0.0 ; -0.0 ; 0.0 ; 257.7499999999999 ; 0.0 ; 0.0 ; 0.0 ; 540.0000000000001 ; -0.0 ; 540.0 ; 540.0 ; 0.0 ; 0.0 ; 0.0 ;0.0 ; 257.25 ;0.0 ; 0.0 ;4147 ;  11862 ; 7715 
2023-01-02T19:00:00 ; 810.0 ; 810.0 ; 810.0 ; 810.0 ; 1170.0 ; 1170.0 ; 0.0 ; -0.0 ; 0.0 ; -0.0 ; -0.0 ; 151.0 ; 0.0 ; 0.0 ; 0.0 ; 540.0 ; 540.0 ; 540.0 ; 540.0 ; 0.0 ; 0.0 ; 0.0 ;0.0 ; 333.0 ;0.0 ; 0.0 ;3463 ;  11687 ; 8224 
2023-01-02T20:00:00 ; 810.0 ; 810.0 ; 810.0 ; 810.0 ; 1170.0 ; 1170.0 ; 0.0 ; -0.0 ; 0.0 ; -0.0 ; -0.0 ; 315.0 ; 0.0 ; 0.0 ; 0.0 ; 540.0 ; 540.0 ; 540.0 ; 540.0 ; 0.0 ; 0.0 ; 0.0 ;0.0 ; -0.0 ;0.0 ; 0.0 ;3037 ;  11092 ; 8055 
2023-01-02T21:00:00 ; 810.0 ; 810.0 ; 810.0 ; 810.0 ; 1170.0 ; 1170.0 ; 0.0 ; 0.0 ; 0.0 ; -0.0 ; 0.0 ; 0.0 ; 0.0 ; 0.0 ; 0.0 ; 540.0 ; 414.0 ; 540.0 ; 540.0 ; 0.0 ; 0.0 ; 0.0 ;0.0 ; 0.0 ;0.0 ; 0.0 ;2954 ;  10568 ; 7614 
2023-01-02T22:00:00 ; 810.0 ; 810.0 ; 810.0 ; 810.0 ; 1170.0 ; 1170.0 ; -0.0 ; -0.0 ; -0.0 ; -0.0 ; -0.0 ; -0.0 ; 0.0 ; 0.0 ; 0.0 ; 540.0 ; 540.0 ; 540.0 ; 540.0 ; 0.0 ; 0.0 ; 439.0 ;0.0 ; -0.0 ;0.0 ; 0.0 ;2760 ;  10939 ; 8179 
2023-01-02T23:00:00 ; 810.0 ; 810.0 ; 810.0 ; 810.0 ; 1170.0 ; 1170.0 ; 0.0 ; 0.0 ; -0.0 ; 0.0 ; 0.0 ; -0.0 ; 0.0 ; 0.0 ; 0.0 ; 540.0 ; 540.0 ; 540.0 ; 540.0 ; 0.0 ; 0.0 ; 659.0 ;0.0 ; 0.0 ;0.0 ; 0.0 ;2953 ;  11352 ; 8399 
2023-01-03T00:00:00 ; 810.0 ; 810.0 ; 810.0 ; 810.0 ; 1170.0 ; 1170.0 ; 0.0 ; -0.0 ; 0.0 ; 0.0 ; -0.0 ; -0.0 ; 0.0 ; 0.0 ; 0.0 ; 540.0 ; 540.0 ; 540.0 ; 540.0 ; 0.0 ; 0.0 ; 507.0 ;0.0 ; 0.0 ;0.0 ; 0.0 ;2813 ;  11060 ; 8247 
2023-01-03T01:00:00 ; 810.0 ; 810.0 ; 810.0 ; 810.0 ; 1170.0 ; 1170.0 ; -0.0 ; -0.0 ; 0.0 ; 0.0 ; 0.0 ; 0.0 ; 0.0 ; 0.0 ; 0.0 ; 540.0 ; 540.0 ; 540.0 ; 540.0 ; 0.0 ; 0.0 ; 373.0 ;0.0 ; 0.0 ;0.0 ; 0.0 ;2709 ;  10822 ; 8113 
2023-01-03T02:00:00 ; 810.0 ; 810.0 ; 810.0 ; 810.0 ; 1170.0 ; 1170.0 ; 0.0 ; -0.0 ; -0.0 ; -0.0 ; 0.0 ; -0.0 ; 0.0 ; 0.0 ; 0.0 ; 540.0 ; 540.0 ; 540.0 ; 540.0 ; 0.0 ; 0.0 ; 506.0 ;0.0 ; -0.0 ;0.0 ; 0.0 ;2198 ;  10444 ; 8246 
2023-01-03T03:00:00 ; 810.0 ; 810.0 ; 810.0 ; 810.0 ; 1170.0 ; 1170.0 ; 0.0 ; 0.0 ; 0.0 ; 0.0 ; 0.0 ; 0.0 ; 0.0 ; 0.0 ; 0.0 ; 512.0 ; 540.0 ; 540.0 ; 540.0 ; 0.0 ; 0.0 ; 0.0 ;0.0 ; 0.0 ;0.0 ; 0.0 ;2086 ;  9798 ; 7712 
2023-01-03T04:00:00 ; 810.0 ; 810.0 ; 810.0 ; 810.0 ; 1170.0 ; 1170.0 ; 0.0 ; 0.0 ; 0.0 ; 0.0 ; 0.0 ; 0.0 ; 0.0 ; 0.0 ; 0.0 ; 540.0 ; 540.0 ; 210.0 ; 453.0 ; 0.0 ; 0.0 ; 0.0 ;0.0 ; 0.0 ;0.0 ; 0.0 ;2086 ;  9409 ; 7323 
2023-01-03T05:00:00 ; 810.0 ; 810.0 ; 810.0 ; 810.0 ; 1170.0 ; 1170.0 ; 0.0 ; 0.0 ; 0.0 ; 0.0 ; 0.0 ; 0.0 ; 0.0 ; 0.0 ; 0.0 ; 540.0 ; 423.0 ; 210.0 ; 540.0 ; 0.0 ; 0.0 ; 0.0 ;0.0 ; 0.0 ;0.0 ; 0.0 ;2047 ;  9340 ; 7293 
2023-01-03T06:00:00 ; 810.0 ; 810.0 ; 810.0 ; 810.0 ; 1170.0 ; 1170.0 ; 0.0 ; 0.0 ; 0.0 ; 0.0 ; 0.0 ; 0.0 ; 0.0 ; 0.0 ; 0.0 ; 209.99999999999972 ; 209.99999999999864 ; 513.0000000000016 ; 210.0 ; 0.0 ; 0.0 ; 0.0 ;0.0 ; 0.0 ;0.0 ; 0.0 ;2679 ;  9402 ; 6723 
2023-01-03T07:00:00 ; 810.0 ; 810.0 ; 810.0 ; 810.0 ; 1170.0 ; 1170.0 ; 0.0 ; 0.0 ; 0.0 ; 0.0 ; 0.0 ; 0.0 ; 0.0 ; 0.0 ; 0.0 ; 345.9999999999907 ; 210.00000000000935 ; 540.0 ; 540.0 ; 0.0 ; 0.0 ; 0.0 ;0.0 ; 0.0 ;0.0 ; 0.0 ;2235 ;  9451 ; 7216 
2023-01-03T08:00:00 ; 810.0 ; 810.0 ; 810.0 ; 810.0 ; 1170.0 ; 1170.0 ; 0.0 ; 0.0 ; 0.0 ; 0.0 ; 0.0 ; 0.0 ; 0.0 ; 0.0 ; 0.0 ; 209.99999999999963 ; 0.0 ; 0.0 ; 0.0 ; 0.0 ; 0.0 ; 0.0 ;69.99999999999963 ; 0.0 ;0.0 ; 0.0 ;3923 ;  9643 ; 5720 
2023-01-03T09:00:00 ; 810.0 ; 810.0 ; 810.0 ; 810.0 ; 1170.0 ; 1170.0 ; 0.0 ; 0.0 ; 0.0 ; 0.0 ; 0.0 ; 0.0 ; 0.0 ; 0.0 ; 0.0 ; 209.99999999999972 ; 0.0 ; 0.0 ; 0.0 ; 0.0 ; 0.0 ; 0.0 ;169.99999999999972 ; 0.0 ;0.0 ; 0.0 ;4352 ;  9972 ; 5620 
2023-01-03T10:00:00 ; 810.0 ; 810.0 ; 810.0 ; 810.0 ; 1170.0 ; 1170.0 ; -0.0 ; 0.0 ; 0.0 ; 0.0 ; 0.0 ; -0.0 ; 0.0 ; 0.0 ; 0.0 ; 539.9999999999993 ; 0.0 ; 0.0 ; 0.0 ; 0.0 ; 0.0 ; 445.75000000000574 ;0.0 ; 87.24999999999494 ;0.0 ; 0.0 ;3685 ;  10338 ; 6653 
2023-01-03T11:00:00 ; 810.0 ; 810.0 ; 810.0 ; 810.0 ; 1170.0 ; 1170.0 ; 0.0 ; 0.0 ; 0.0 ; 0.0 ; 0.0 ; 0.0 ; 0.0 ; 0.0 ; 0.0 ; 209.99999999999392 ; 0.0 ; 0.0 ; 0.0 ; 0.0 ; 0.0 ; 0.0 ;50.9999999999939 ; 0.0 ;0.0 ; 0.0 ;4824 ;  10563 ; 5739 
2023-01-03T12:00:00 ; 810.0 ; 810.0 ; 810.0 ; 810.0 ; 1170.0 ; 1170.0 ; 0.0 ; 0.0 ; 0.0 ; 0.0 ; 0.0 ; 0.0 ; 0.0 ; 0.0 ; 0.0 ; 0.0 ; 0.0 ; 0.0 ; 0.0 ; 0.0 ; 0.0 ; 0.0 ;0.0 ; 131.0 ;0.0 ; 0.0 ;5147 ;  10858 ; 5711 
2023-01-03T13:00:00 ; 810.0 ; 810.0 ; 810.0 ; 810.0 ; 1170.0 ; 1170.0 ; 0.0 ; 0.0 ; 0.0 ; 0.0 ; 0.0 ; 0.0 ; 0.0 ; 0.0 ; 0.0 ; 0.0 ; 0.0 ; 0.0 ; 0.0 ; 0.0 ; 0.0 ; 0.0 ;241.0 ; 0.0 ;0.0 ; 0.0 ;5053 ;  10392 ; 5339 
2023-01-03T14:00:00 ; 810.0 ; 810.0 ; 810.0 ; 810.0 ; 1170.0 ; 1170.0 ; 0.0 ; 0.0 ; 0.0 ; 0.0 ; 0.0 ; 0.0 ; 0.0 ; 0.0 ; 0.0 ; 0.0 ; 0.0 ; 0.0 ; 0.0 ; 0.0 ; 0.0 ; 0.0 ;689.0 ; 0.0 ;0.0 ; 0.0 ;5033 ;  9924 ; 4891 
2023-01-03T15:00:00 ; 810.0 ; 810.0 ; 810.0 ; 810.0 ; 1170.0 ; 1170.0 ; 0.0 ; 0.0 ; 0.0 ; 0.0 ; 0.0 ; 0.0 ; 0.0 ; 0.0 ; 0.0 ; 0.0 ; 0.0 ; 0.0 ; 0.0 ; 0.0 ; 0.0 ; 0.0 ;604.0 ; 0.0 ;0.0 ; 0.0 ;4725 ;  9701 ; 4976 
2023-01-03T16:00:00 ; 810.0 ; 810.0 ; 810.0 ; 810.0 ; 1170.0 ; 1170.0 ; 0.0 ; 0.0 ; 0.0 ; 0.0 ; 0.0 ; 0.0 ; 0.0 ; 0.0 ; 0.0 ; 0.0 ; 0.0 ; 0.0 ; 0.0 ; 0.0 ; 0.0 ; 0.0 ;488.0 ; 0.0 ;0.0 ; 0.0 ;4574 ;  9666 ; 5092 
2023-01-03T17:00:00 ; 810.0 ; 810.0 ; 810.0 ; 810.0 ; 1170.0 ; 1170.0 ; 0.0 ; 0.0 ; 0.0 ; 0.0 ; 0.0 ; 0.0 ; 0.0 ; 0.0 ; 0.0 ; 0.0 ; 0.0 ; 250.0 ; -0.0 ; 0.0 ; 0.0 ; 0.0 ;0.0 ; 0.0 ;0.0 ; 0.0 ;4422 ;  10252 ; 5830 
2023-01-03T18:00:00 ; 810.0 ; 810.0 ; 810.0 ; 810.0 ; 1170.0 ; 1170.0 ; 0.0 ; 0.0 ; 0.0 ; 0.0 ; 0.0 ; 0.0 ; 0.0 ; 0.0 ; 0.0 ; -0.0 ; -0.0 ; 531.0 ; 0.0 ; 0.0 ; 0.0 ; 0.0 ;0.0 ; 0.0 ;0.0 ; 0.0 ;4474 ;  10585 ; 6111 
2023-01-03T19:00:00 ; 810.0 ; 810.0 ; 810.0 ; 810.0 ; 1170.0 ; 1170.0 ; 0.0 ; 0.0 ; 0.0 ; 0.0 ; 0.0 ; 0.0 ; 0.0 ; 0.0 ; 0.0 ; 0.0 ; -0.0 ; 408.0 ; 540.0 ; 0.0 ; 0.0 ; 0.0 ;0.0 ; 0.0 ;0.0 ; 0.0 ;4062 ;  10590 ; 6528 
2023-01-03T20:00:00 ; 810.0 ; 810.0 ; 810.0 ; 810.0 ; 1170.0 ; 1170.0 ; 0.0 ; 0.0 ; 0.0 ; 0.0 ; 0.0 ; 0.0 ; 0.0 ; 0.0 ; 0.0 ; 384.0 ; 540.0 ; 210.0 ; 210.0 ; 0.0 ; 0.0 ; 0.0 ;0.0 ; 0.0 ;0.0 ; 0.0 ;3408 ;  10332 ; 6924 
2023-01-03T21:00:00 ; 810.0 ; 810.0 ; 810.0 ; 810.0 ; 1170.0 ; 1170.0 ; 0.0 ; 0.0 ; 0.0 ; 0.0 ; 0.0 ; 0.0 ; 0.0 ; 0.0 ; 0.0 ; 540.0 ; 210.0 ; 210.0 ; 310.0 ; 0.0 ; 0.0 ; 0.0 ;0.0 ; 0.0 ;0.0 ; 0.0 ;3128 ;  9978 ; 6850 
2023-01-03T22:00:00 ; 810.0 ; 810.0 ; 810.0 ; 810.0 ; 1170.0 ; 1170.0 ; 0.0 ; 0.0 ; 0.0 ; 0.0 ; 0.0 ; 0.0 ; 0.0 ; 0.0 ; 0.0 ; 540.0 ; 210.0 ; 342.0 ; 540.0 ; 0.0 ; 0.0 ; 0.0 ;0.0 ; 0.0 ;0.0 ; 0.0 ;3029 ;  10241 ; 7212 
2023-01-03T23:00:00 ; 810.0 ; 810.0 ; 810.0 ; 810.0 ; 1170.0 ; 1170.0 ; 0.0 ; 0.0 ; 0.0 ; 0.0 ; 0.0 ; 0.0 ; 0.0 ; 0.0 ; 0.0 ; 257.0 ; 540.0 ; 540.0 ; 540.0 ; 0.0 ; 0.0 ; 0.0 ;0.0 ; 0.0 ;0.0 ; 0.0 ;3025 ;  10482 ; 7457 
2023-01-04T00:00:00 ; 810.0 ; 810.0 ; 810.0 ; 810.0 ; 1170.0 ; 1170.0 ; 0.0 ; 0.0 ; 0.0 ; 0.0 ; 0.0 ; 0.0 ; 0.0 ; 0.0 ; 0.0 ; 540.0 ; 540.0 ; 540.0 ; 540.0 ; 0.0 ; 0.0 ; 0.0 ;0.0 ; 209.0 ;0.0 ; 0.0 ;2831 ;  10780 ; 7949 
2023-01-04T01:00:00 ; 810.0 ; 810.0 ; 810.0 ; 810.0 ; 1170.0 ; 1170.0 ; -0.0 ; 0.0 ; 0.0 ; -0.0 ; -0.0 ; 0.0 ; 0.0 ; 0.0 ; 0.0 ; 540.0 ; 540.0 ; 540.0 ; 540.0 ; 0.0 ; 0.0 ; 274.0 ;0.0 ; 1200.0 ;0.0 ; 0.0 ;1257 ;  10471 ; 9214 
2023-01-04T02:00:00 ; 810.0 ; 810.0 ; 810.0 ; 810.0 ; 1170.0 ; 1170.0 ; 0.0 ; 0.0 ; 0.0 ; 0.0 ; 0.0 ; 0.0 ; 0.0 ; 0.0 ; 0.0 ; 540.0 ; 540.0 ; 540.0 ; 540.0 ; 0.0 ; 0.0 ; 0.0 ;0.0 ; 85.0 ;0.0 ; 0.0 ;2279 ;  10104 ; 7825 
2023-01-04T03:00:00 ; 810.0 ; 810.0 ; 810.0 ; 810.0 ; 1170.0 ; 1170.0 ; 0.0 ; 0.0 ; 0.0 ; 0.0 ; 0.0 ; 0.0 ; 0.0 ; 0.0 ; 0.0 ; 540.0 ; 540.0 ; 491.0 ; 540.0 ; 0.0 ; 0.0 ; 0.0 ;0.0 ; 0.0 ;0.0 ; 0.0 ;1826 ;  9517 ; 7691 
2023-01-04T04:00:00 ; 810.0 ; 810.0 ; 810.0 ; 810.0 ; 1170.0 ; 1170.0 ; 0.0 ; 0.0 ; 0.0 ; 0.0 ; 0.0 ; 0.0 ; 0.0 ; 0.0 ; 0.0 ; 210.0 ; 540.0 ; 539.0 ; 540.0 ; 0.0 ; 0.0 ; 0.0 ;0.0 ; 0.0 ;0.0 ; 0.0 ;1739 ;  9148 ; 7409 
2023-01-04T05:00:00 ; 810.0 ; 810.0 ; 810.0 ; 810.0 ; 1170.0 ; 1170.0 ; 0.0 ; 0.0 ; 0.0 ; 0.0 ; 0.0 ; 0.0 ; 0.0 ; 0.0 ; 0.0 ; 533.0 ; 540.0 ; 210.0 ; 210.0 ; 0.0 ; 0.0 ; 0.0 ;0.0 ; 0.0 ;0.0 ; 0.0 ;2006 ;  9079 ; 7073 
2023-01-04T06:00:00 ; 810.0 ; 810.0 ; 810.0 ; 810.0 ; 1170.0 ; 1170.0 ; 0.0 ; 0.0 ; 0.0 ; 0.0 ; 0.0 ; 0.0 ; 0.0 ; 0.0 ; 0.0 ; 540.0 ; 305.0 ; 540.0 ; 540.0 ; 0.0 ; 0.0 ; 0.0 ;0.0 ; 0.0 ;0.0 ; 0.0 ;1614 ;  9119 ; 7505 
2023-01-04T07:00:00 ; 810.0 ; 810.0 ; 810.0 ; 810.0 ; 1170.0 ; 1170.0 ; 0.0 ; 0.0 ; 0.0 ; 0.0 ; 0.0 ; 0.0 ; 0.0 ; 0.0 ; 0.0 ; 490.0 ; 540.0 ; 540.0 ; -0.0 ; 0.0 ; 0.0 ; 0.0 ;0.0 ; 0.0 ;0.0 ; 0.0 ;1985 ;  9135 ; 7150 
2023-01-04T08:00:00 ; 810.0 ; 810.0 ; 810.0 ; 810.0 ; 1170.0 ; 1170.0 ; 0.0 ; 0.0 ; 0.0 ; 0.0 ; 0.0 ; 0.0 ; 0.0 ; 0.0 ; 0.0 ; 540.0 ; 439.0 ; 210.0 ; 0.0 ; 0.0 ; 0.0 ; 0.0 ;0.0 ; 0.0 ;0.0 ; 0.0 ;2531 ;  9300 ; 6769 
2023-01-04T09:00:00 ; 810.0 ; 810.0 ; 810.0 ; 810.0 ; 1170.0 ; 1170.0 ; 0.0 ; 0.0 ; 0.0 ; 0.0 ; 0.0 ; 0.0 ; 0.0 ; 0.0 ; 0.0 ; -0.0 ; -0.0 ; 210.0 ; -0.0 ; 0.0 ; 0.0 ; 0.0 ;581.0 ; 0.0 ;0.0 ; 0.0 ;4453 ;  9662 ; 5209 
2023-01-04T10:00:00 ; 810.0 ; 810.0 ; 810.0 ; 810.0 ; 1170.0 ; 1170.0 ; 0.0 ; 0.0 ; 0.0 ; 0.0 ; 0.0 ; 0.0 ; 0.0 ; 0.0 ; 0.0 ; -0.0 ; -0.0 ; 540.0 ; -0.0 ; 0.0 ; 0.0 ; 0.0 ;0.0 ; 32.0 ;0.0 ; 0.0 ;3955 ;  10107 ; 6152 
2023-01-04T11:00:00 ; 810.0 ; 810.0 ; 810.0 ; 810.0 ; 1170.0 ; 1170.0 ; 0.0 ; 0.0 ; 0.0 ; 0.0 ; 0.0 ; 0.0 ; 0.0 ; 0.0 ; 0.0 ; -0.0 ; 0.0 ; -3.5783721664807245e-13 ; -0.0 ; 0.0 ; 0.0 ; 0.0 ;27.99999999999964 ; 0.0 ;0.0 ; 0.0 ;4915 ;  10467 ; 5552 
2023-01-04T12:00:00 ; 810.0 ; 810.0 ; 810.0 ; 810.0 ; 1170.0 ; 1170.0 ; 0.0 ; 0.0 ; 0.0 ; 0.0 ; 0.0 ; 0.0 ; 0.0 ; 0.0 ; 0.0 ; -0.0 ; 0.0 ; -0.0 ; -0.0 ; 0.0 ; 0.0 ; 0.0 ;0.0 ; 281.0 ;0.0 ; 0.0 ;5027 ;  10888 ; 5861 
2023-01-04T13:00:00 ; 810.0 ; 810.0 ; 810.0 ; 810.0 ; 1170.0 ; 1170.0 ; 0.0 ; 0.0 ; 0.0 ; 0.0 ; 0.0 ; 0.0 ; 0.0 ; 0.0 ; 0.0 ; 0.0 ; 0.0 ; 0.0 ; 0.0 ; 0.0 ; 0.0 ; 0.0 ;413.0 ; 0.0 ;0.0 ; 0.0 ;5335 ;  10502 ; 5167 
2023-01-04T14:00:00 ; 810.0 ; 810.0 ; 810.0 ; 810.0 ; 1170.0 ; 1170.0 ; 0.0 ; 0.0 ; 0.0 ; 0.0 ; 0.0 ; 0.0 ; 0.0 ; 0.0 ; 0.0 ; 0.0 ; 0.0 ; 0.0 ; 0.0 ; 0.0 ; 0.0 ; 0.0 ;970.0 ; 0.0 ;0.0 ; 0.0 ;5478 ;  10088 ; 4610 
2023-01-04T15:00:00 ; 720.0 ; 810.0 ; 810.0 ; 810.0 ; 1170.0 ; 1170.0 ; 0.0 ; 0.0 ; 0.0 ; 0.0 ; 0.0 ; 0.0 ; 0.0 ; 0.0 ; 0.0 ; 0.0 ; 0.0 ; 0.0 ; 0.0 ; 0.0 ; 0.0 ; 0.0 ;1200.0 ; 0.0 ;0.0 ; 0.0 ;5547 ;  9837 ; 4290 
2023-01-04T16:00:00 ; 810.0 ; 810.0 ; 810.0 ; 810.0 ; 1170.0 ; 1170.0 ; 0.0 ; 0.0 ; 0.0 ; 0.0 ; 0.0 ; 0.0 ; 0.0 ; 0.0 ; 0.0 ; 0.0 ; 0.0 ; 0.0 ; 0.0 ; 0.0 ; 0.0 ; 0.0 ;1126.0 ; 0.0 ;0.0 ; 0.0 ;5313 ;  9767 ; 4454 
2023-01-04T17:00:00 ; 810.0 ; 810.0 ; 810.0 ; 810.0 ; 1170.0 ; 1170.0 ; 0.0 ; 0.0 ; 0.0 ; 0.0 ; 0.0 ; 0.0 ; 0.0 ; 0.0 ; 0.0 ; 0.0 ; 0.0 ; 0.0 ; 0.0 ; 0.0 ; 0.0 ; 0.0 ;210.0 ; 0.0 ;0.0 ; 0.0 ;4986 ;  10356 ; 5370 
2023-01-04T18:00:00 ; 810.0 ; 810.0 ; 810.0 ; 810.0 ; 1170.0 ; 1170.0 ; 0.0 ; 0.0 ; 0.0 ; 0.0 ; 0.0 ; 0.0 ; 0.0 ; 0.0 ; 0.0 ; 0.0 ; 513.0 ; -0.0 ; -0.0 ; 0.0 ; 0.0 ; 0.0 ;0.0 ; 0.0 ;0.0 ; 0.0 ;4748 ;  10841 ; 6093 
2023-01-04T19:00:00 ; 810.0 ; 810.0 ; 810.0 ; 810.0 ; 1170.0 ; 1170.0 ; 0.0 ; 0.0 ; 0.0 ; 0.0 ; 0.0 ; 0.0 ; 0.0 ; 0.0 ; 0.0 ; 0.0 ; 495.0 ; 210.0 ; 0.0 ; 0.0 ; 0.0 ; 0.0 ;0.0 ; 0.0 ;0.0 ; 0.0 ;4602 ;  10887 ; 6285 
2023-01-04T20:00:00 ; 810.0 ; 810.0 ; 810.0 ; 810.0 ; 1170.0 ; 1170.0 ; 0.0 ; 0.0 ; 0.0 ; 0.0 ; 0.0 ; 0.0 ; 0.0 ; 0.0 ; 0.0 ; -0.0 ; 348.0 ; 540.0 ; -0.0 ; 0.0 ; 0.0 ; 0.0 ;0.0 ; 0.0 ;0.0 ; 0.0 ;4029 ;  10497 ; 6468 
2023-01-04T21:00:00 ; 810.0 ; 810.0 ; 810.0 ; 810.0 ; 1170.0 ; 1170.0 ; 0.0 ; 0.0 ; 0.0 ; 0.0 ; 0.0 ; 0.0 ; 0.0 ; 0.0 ; 0.0 ; -0.0 ; 210.0 ; 505.0 ; -0.0 ; 0.0 ; 0.0 ; 0.0 ;0.0 ; 0.0 ;0.0 ; 0.0 ;3688 ;  9983 ; 6295 
2023-01-04T22:00:00 ; 810.0 ; 810.0 ; 810.0 ; 810.0 ; 1170.0 ; 1170.0 ; 0.0 ; 0.0 ; 0.0 ; 0.0 ; 0.0 ; 0.0 ; 0.0 ; 0.0 ; 0.0 ; -0.0 ; 267.0 ; 210.0 ; -0.0 ; 0.0 ; 0.0 ; 0.0 ;0.0 ; 0.0 ;0.0 ; 0.0 ;4150 ;  10207 ; 6057 
2023-01-04T23:00:00 ; 810.0 ; 810.0 ; 810.0 ; 810.0 ; 1170.0 ; 1170.0 ; 0.0 ; 0.0 ; 0.0 ; 0.0 ; 0.0 ; 0.0 ; 0.0 ; 0.0 ; 0.0 ; -0.0 ; 540.0 ; 540.0 ; -0.0 ; 0.0 ; 0.0 ; 0.0 ;0.0 ; 28.0 ;0.0 ; 0.0 ;3736 ;  10424 ; 6688 
2023-01-05T00:00:00 ; 810.0 ; 810.0 ; 810.0 ; 810.0 ; 1170.0 ; 1170.0 ; 0.0 ; 0.0 ; 0.0 ; 0.0 ; 0.0 ; 0.0 ; 0.0 ; 0.0 ; 0.0 ; -0.0 ; 210.0 ; 395.0 ; 0.0 ; 0.0 ; 0.0 ; 0.0 ;0.0 ; 0.0 ;0.0 ; 0.0 ;3662 ;  9847 ; 6185 
2023-01-05T01:00:00 ; 810.0 ; 810.0 ; 810.0 ; 810.0 ; 1170.0 ; 1170.0 ; 0.0 ; 0.0 ; 0.0 ; 0.0 ; 0.0 ; 0.0 ; 0.0 ; 0.0 ; 0.0 ; 210.0 ; 210.0 ; 247.0 ; -0.0 ; 0.0 ; 0.0 ; 0.0 ;0.0 ; 0.0 ;0.0 ; 0.0 ;3259 ;  9506 ; 6247 
2023-01-05T02:00:00 ; 810.0 ; 810.0 ; 810.0 ; 810.0 ; 1170.0 ; 1170.0 ; 0.0 ; 0.0 ; 0.0 ; 0.0 ; 0.0 ; 0.0 ; 0.0 ; 0.0 ; 0.0 ; 404.0 ; -0.0 ; 210.0 ; -0.0 ; 0.0 ; 0.0 ; 0.0 ;0.0 ; 0.0 ;0.0 ; 0.0 ;3028 ;  9222 ; 6194 
2023-01-05T03:00:00 ; 810.0 ; 810.0 ; 810.0 ; 810.0 ; 1170.0 ; 1170.0 ; 0.0 ; 0.0 ; 0.0 ; 0.0 ; 0.0 ; 0.0 ; 0.0 ; 0.0 ; 0.0 ; 443.0 ; -0.0 ; 210.0 ; -0.0 ; 0.0 ; 0.0 ; 0.0 ;0.0 ; 0.0 ;0.0 ; 0.0 ;2561 ;  8794 ; 6233 
2023-01-05T04:00:00 ; 810.0 ; 810.0 ; 810.0 ; 810.0 ; 1170.0 ; 1170.0 ; 0.0 ; 0.0 ; 0.0 ; 0.0 ; 0.0 ; 0.0 ; 0.0 ; 0.0 ; 0.0 ; 378.0 ; -0.0 ; 210.0 ; -0.0 ; 0.0 ; 0.0 ; 0.0 ;0.0 ; 0.0 ;0.0 ; 0.0 ;2554 ;  8722 ; 6168 
2023-01-05T05:00:00 ; 810.0 ; 810.0 ; 810.0 ; 810.0 ; 1170.0 ; 1170.0 ; 0.0 ; 0.0 ; 0.0 ; 0.0 ; 0.0 ; 0.0 ; 0.0 ; 0.0 ; 0.0 ; 325.0 ; -0.0 ; 210.0 ; 540.0 ; 0.0 ; 0.0 ; 0.0 ;0.0 ; 0.0 ;0.0 ; 0.0 ;2433 ;  9088 ; 6655 
2023-01-05T06:00:00 ; 810.0 ; 810.0 ; 810.0 ; 810.0 ; 1170.0 ; 1170.0 ; 0.0 ; 0.0 ; 0.0 ; 0.0 ; 0.0 ; 0.0 ; 0.0 ; 0.0 ; 0.0 ; 218.0 ; -0.0 ; 540.0 ; 540.0 ; 0.0 ; 0.0 ; 0.0 ;0.0 ; 0.0 ;0.0 ; 0.0 ;3036 ;  9914 ; 6878 
2023-01-05T07:00:00 ; 810.0 ; 810.0 ; 810.0 ; 810.0 ; 1170.0 ; 1170.0 ; 0.0 ; 0.0 ; 0.0 ; 0.0 ; 0.0 ; 0.0 ; 0.0 ; 0.0 ; 0.0 ; 540.0 ; -0.0 ; 210.0 ; 427.0 ; 0.0 ; 0.0 ; 0.0 ;0.0 ; 0.0 ;0.0 ; 0.0 ;3877 ;  10634 ; 6757 
2023-01-05T08:00:00 ; 810.0 ; 810.0 ; 810.0 ; 810.0 ; 1170.0 ; 1170.0 ; 0.0 ; 0.0 ; 0.0 ; 0.0 ; 0.0 ; 0.0 ; 0.0 ; 0.0 ; 0.0 ; 540.0 ; -0.0 ; 210.0 ; 310.0 ; 0.0 ; 0.0 ; 0.0 ;0.0 ; 0.0 ;0.0 ; 0.0 ;4491 ;  11131 ; 6640 
2023-01-05T09:00:00 ; 810.0 ; 810.0 ; 810.0 ; 810.0 ; 1170.0 ; 1170.0 ; 0.0 ; 0.0 ; 0.0 ; 0.0 ; 0.0 ; 0.0 ; 0.0 ; 0.0 ; 0.0 ; 540.0 ; -0.0 ; 221.0 ; 540.0 ; 0.0 ; 0.0 ; 0.0 ;0.0 ; 0.0 ;0.0 ; 0.0 ;4582 ;  11463 ; 6881 
2023-01-05T10:00:00 ; 810.0 ; 810.0 ; 810.0 ; 810.0 ; 1170.0 ; 1170.0 ; 0.0 ; 0.0 ; 0.0 ; 0.0 ; 0.0 ; 0.0 ; 0.0 ; 0.0 ; 0.0 ; 540.0 ; 540.0 ; 540.0 ; 540.0 ; 0.0 ; 0.0 ; 0.0 ;0.0 ; 822.0 ;0.0 ; 0.0 ;3157 ;  11719 ; 8562 
2023-01-05T11:00:00 ; 810.0 ; 810.0 ; 810.0 ; 810.0 ; 1170.0 ; 1170.0 ; 0.0 ; 0.0 ; 0.0 ; 0.0 ; 0.0 ; 0.0 ; 0.0 ; 0.0 ; 0.0 ; 210.0 ; 210.0 ; 407.0 ; 540.0 ; 0.0 ; 0.0 ; 0.0 ;0.0 ; 0.0 ;0.0 ; 0.0 ;4996 ;  11943 ; 6947 
2023-01-05T12:00:00 ; 810.0 ; 810.0 ; 810.0 ; 810.0 ; 1170.0 ; 1170.0 ; 0.0 ; 0.0 ; 0.0 ; -0.0 ; 0.0 ; 0.0 ; 0.0 ; 0.0 ; 0.0 ; 540.0 ; 540.0 ; 540.0 ; 540.0 ; 0.0 ; 0.0 ; 0.0 ;0.0 ; 939.0 ;0.0 ; 0.0 ;3418 ;  12097 ; 8679 
2023-01-05T13:00:00 ; 810.0 ; 810.0 ; 810.0 ; 810.0 ; 1170.0 ; 1170.0 ; 0.0 ; 0.0 ; 0.0 ; 0.0 ; 0.0 ; 0.0 ; 0.0 ; 0.0 ; 0.0 ; 210.0 ; 210.0 ; 417.0 ; 540.0 ; 0.0 ; 0.0 ; 0.0 ;0.0 ; 0.0 ;0.0 ; 0.0 ;4884 ;  11841 ; 6957 
2023-01-05T14:00:00 ; 810.0 ; 810.0 ; 810.0 ; 810.0 ; 1170.0 ; 1170.0 ; 0.0 ; 0.0 ; 0.0 ; 0.0 ; 0.0 ; 0.0 ; 0.0 ; 0.0 ; 0.0 ; 540.0 ; 210.0 ; 210.0 ; 319.0 ; 0.0 ; 0.0 ; 0.0 ;0.0 ; 0.0 ;0.0 ; 0.0 ;4804 ;  11663 ; 6859 
2023-01-05T15:00:00 ; 810.0 ; 810.0 ; 810.0 ; 810.0 ; 1170.0 ; 1170.0 ; 0.0 ; 0.0 ; 0.0 ; 0.0 ; 0.0 ; 0.0 ; 0.0 ; 0.0 ; 0.0 ; 210.0 ; 210.0 ; 389.0 ; 540.0 ; 0.0 ; 0.0 ; 0.0 ;0.0 ; 0.0 ;0.0 ; 0.0 ;4511 ;  11440 ; 6929 
2023-01-05T16:00:00 ; 810.0 ; 810.0 ; 810.0 ; 810.0 ; 1170.0 ; 1170.0 ; 0.0 ; 0.0 ; 0.0 ; 0.0 ; 0.0 ; 0.0 ; 0.0 ; 0.0 ; 0.0 ; 210.0 ; 241.0 ; 540.0 ; 540.0 ; 0.0 ; 0.0 ; 0.0 ;0.0 ; 0.0 ;0.0 ; 0.0 ;4238 ;  11349 ; 7111 
2023-01-05T17:00:00 ; 810.0 ; 810.0 ; 810.0 ; 810.0 ; 1170.0 ; 1170.0 ; 0.0 ; 0.0 ; 0.0 ; -0.0 ; 0.0 ; -0.0 ; 0.0 ; 0.0 ; 0.0 ; 540.0 ; 540.0 ; 540.0 ; 540.0 ; 0.0 ; 0.0 ; 0.0 ;0.0 ; 107.0 ;0.0 ; 0.0 ;4045 ;  11892 ; 7847 
2023-01-05T18:00:00 ; 810.0 ; 810.0 ; 810.0 ; 810.0 ; 1170.0 ; 1170.0 ; 0.0 ; -0.0 ; 0.0 ; 0.0 ; 0.0 ; -0.0 ; 0.0 ; 0.0 ; 0.0 ; 540.0 ; 540.0 ; 540.0 ; 540.0 ; 0.0 ; 0.0 ; 0.0 ;0.0 ; 444.0 ;0.0 ; 0.0 ;4102 ;  12286 ; 8184 
2023-01-05T19:00:00 ; 810.0 ; 810.0 ; 810.0 ; 810.0 ; 1170.0 ; 1170.0 ; 0.0 ; -0.0 ; 0.0 ; 0.0 ; -0.0 ; 0.0 ; 0.0 ; 0.0 ; 0.0 ; 540.0 ; 540.0 ; 540.0 ; 540.0 ; 0.0 ; 0.0 ; 0.0 ;0.0 ; 362.0 ;0.0 ; 0.0 ;4056 ;  12158 ; 8102 
2023-01-05T20:00:00 ; 810.0 ; 810.0 ; 810.0 ; 810.0 ; 1170.0 ; 1170.0 ; 0.0 ; -0.0 ; -0.0 ; 0.0 ; 0.0 ; 0.0 ; 0.0 ; 0.0 ; 0.0 ; 540.0 ; 540.0 ; 540.0 ; 540.0 ; 0.0 ; 0.0 ; 1100.5 ;0.0 ; 403.5 ;0.0 ; 0.0 ;2129 ;  11373 ; 9244 
2023-01-05T21:00:00 ; 810.0 ; 810.0 ; 810.0 ; 810.0 ; 1170.0 ; 1170.0 ; 0.0 ; 0.0 ; 0.0 ; 0.0 ; 0.0 ; 0.0 ; 0.0 ; 0.0 ; 0.0 ; 411.0 ; 540.0 ; 540.0 ; 540.0 ; 0.0 ; 0.0 ; 0.0 ;0.0 ; 0.0 ;0.0 ; 0.0 ;3124 ;  10735 ; 7611 
2023-01-05T22:00:00 ; 810.0 ; 810.0 ; 810.0 ; 810.0 ; 1170.0 ; 1170.0 ; 0.0 ; 0.0 ; 0.0 ; 0.0 ; 0.0 ; 0.0 ; 0.0 ; 0.0 ; 0.0 ; 210.0 ; 480.0 ; 540.0 ; 540.0 ; 0.0 ; 0.0 ; 0.0 ;0.0 ; 0.0 ;0.0 ; 0.0 ;3558 ;  10908 ; 7350 
2023-01-05T23:00:00 ; 810.0 ; 810.0 ; 810.0 ; 810.0 ; 1170.0 ; 1170.0 ; 0.0 ; 0.0 ; 0.0 ; 0.0 ; 0.0 ; 0.0 ; 0.0 ; 0.0 ; 0.0 ; 230.0 ; 540.0 ; 540.0 ; 540.0 ; 0.0 ; 0.0 ; 0.0 ;0.0 ; 0.0 ;0.0 ; 0.0 ;3633 ;  11063 ; 7430 
2023-01-06T00:00:00 ; 810.0 ; 810.0 ; 810.0 ; 810.0 ; 1170.0 ; 1170.0 ; 0.0 ; 0.0 ; 0.0 ; 0.0 ; 0.0 ; 0.0 ; 0.0 ; 0.0 ; 0.0 ; 472.0 ; 540.0 ; 540.0 ; 540.0 ; 0.0 ; 0.0 ; 0.0 ;0.0 ; 0.0 ;0.0 ; 0.0 ;3128 ;  10800 ; 7672 
2023-01-06T01:00:00 ; 810.0 ; 810.0 ; 810.0 ; 810.0 ; 1170.0 ; 1170.0 ; 0.0 ; -0.0 ; -0.0 ; 0.0 ; -0.0 ; -0.0 ; 0.0 ; 0.0 ; 0.0 ; 540.0 ; 540.0 ; 540.0 ; 540.0 ; 0.0 ; 0.0 ; 41.0 ;0.0 ; -0.0 ;0.0 ; 0.0 ;2694 ;  10475 ; 7781 
2023-01-06T02:00:00 ; 810.0 ; 810.0 ; 810.0 ; 810.0 ; 1170.0 ; 1170.0 ; 0.0 ; 0.0 ; -0.0 ; 0.0 ; 0.0 ; -0.0 ; 0.0 ; 0.0 ; 0.0 ; 540.0 ; 540.0 ; 540.0 ; 540.0 ; 0.0 ; 0.0 ; 56.0 ;0.0 ; -0.0 ;0.0 ; 0.0 ;2378 ;  10174 ; 7796 
2023-01-06T03:00:00 ; 810.0 ; 810.0 ; 810.0 ; 810.0 ; 1170.0 ; 1170.0 ; 0.0 ; 0.0 ; -0.0 ; -0.0 ; 0.0 ; -0.0 ; 0.0 ; 0.0 ; 0.0 ; 540.0 ; 540.0 ; 540.0 ; 540.0 ; 0.0 ; 0.0 ; 34.0 ;0.0 ; 0.0 ;0.0 ; 0.0 ;2008 ;  9782 ; 7774 
2023-01-06T04:00:00 ; 810.0 ; 810.0 ; 810.0 ; 810.0 ; 1170.0 ; 1170.0 ; -0.0 ; 0.0 ; -0.0 ; 0.0 ; -0.0 ; 0.0 ; 0.0 ; 0.0 ; 0.0 ; 540.0 ; 540.0 ; 540.0 ; 540.0 ; 0.0 ; 0.0 ; 66.0 ;0.0 ; 0.0 ;0.0 ; 0.0 ;1925 ;  9731 ; 7806 
2023-01-06T05:00:00 ; 810.0 ; 810.0 ; 810.0 ; 810.0 ; 1170.0 ; 1170.0 ; -0.0 ; 0.0 ; 0.0 ; 0.0 ; 0.0 ; -0.0 ; 0.0 ; 0.0 ; 0.0 ; 540.0 ; 540.0 ; 540.0 ; 540.0 ; 0.0 ; 0.0 ; 588.0 ;0.0 ; 0.0 ;0.0 ; 0.0 ;1888 ;  10216 ; 8328 
2023-01-06T06:00:00 ; 810.0 ; 810.0 ; 810.0 ; 810.0 ; 1170.0 ; 1170.0 ; -0.0 ; -0.0 ; 0.0 ; -0.0 ; -0.0 ; 0.0 ; 0.0 ; 0.0 ; 0.0 ; 540.0 ; 540.0 ; 540.0 ; 540.0 ; 0.0 ; 0.0 ; 1144.0 ;0.0 ; 0.0 ;0.0 ; 0.0 ;2507 ;  11391 ; 8884 
2023-01-06T07:00:00 ; 810.0 ; 810.0 ; 810.0 ; 810.0 ; 1170.0 ; 1170.0 ; -0.0 ; -0.0 ; 0.0 ; -0.0 ; 0.0 ; 0.0 ; 0.0 ; 0.0 ; 0.0 ; 540.0 ; 540.0 ; 540.0 ; 540.0 ; 0.0 ; 0.0 ; 2943.0 ;0.0 ; 0.0 ;0.0 ; 0.0 ;1727 ;  12410 ; 10683 
2023-01-06T08:00:00 ; 810.0 ; 810.0 ; 810.0 ; 810.0 ; 1170.0 ; 1170.0 ; 0.0 ; 0.0 ; 0.0 ; -0.0 ; -0.0 ; 0.0 ; 0.0 ; 0.0 ; 0.0 ; 540.0 ; 540.0 ; 540.0 ; 540.0 ; 0.0 ; 0.0 ; 1087.0 ;0.0 ; 0.0 ;0.0 ; 0.0 ;3920 ;  12747 ; 8827 
2023-01-06T09:00:00 ; 810.0 ; 810.0 ; 810.0 ; 810.0 ; 1170.0 ; 1170.0 ; 0.0 ; 0.0 ; -0.0 ; 0.0 ; -0.0 ; 0.0 ; 0.0 ; 0.0 ; 0.0 ; 540.0 ; 540.0 ; 540.0 ; 540.0 ; 0.0 ; 0.0 ; 788.0 ;0.0 ; 0.0 ;0.0 ; 0.0 ;4293 ;  12821 ; 8528 
2023-01-06T10:00:00 ; 810.0 ; 810.0 ; 810.0 ; 810.0 ; 1170.0 ; 1170.0 ; 0.0 ; -0.0 ; -0.0 ; -0.0 ; 0.0 ; -0.0 ; 0.0 ; 0.0 ; 0.0 ; 540.0 ; 540.0 ; 540.0 ; 540.0 ; 0.0 ; 0.0 ; 656.0 ;0.0 ; 0.0 ;0.0 ; 0.0 ;4472 ;  12868 ; 8396 
2023-01-06T11:00:00 ; 810.0 ; 810.0 ; 810.0 ; 810.0 ; 1170.0 ; 1170.0 ; -0.0 ; -0.0 ; -0.0 ; -0.0 ; -0.0 ; -0.0 ; 0.0 ; 0.0 ; 0.0 ; 540.0 ; 540.0 ; 540.0 ; 540.0 ; 0.0 ; 0.0 ; 560.0 ;0.0 ; 0.0 ;0.0 ; 0.0 ;4650 ;  12950 ; 8300 
2023-01-06T12:00:00 ; 810.0 ; 810.0 ; 810.0 ; 810.0 ; 1170.0 ; 1170.0 ; -0.0 ; -0.0 ; -0.0 ; -0.0 ; 0.0 ; -0.0 ; 0.0 ; 0.0 ; 0.0 ; 540.0 ; 540.0 ; 540.0 ; 540.0 ; 0.0 ; 0.0 ; 482.0 ;0.0 ; 0.0 ;0.0 ; 0.0 ;4704 ;  12926 ; 8222 
2023-01-06T13:00:00 ; 810.0 ; 810.0 ; 810.0 ; 810.0 ; 1170.0 ; 1170.0 ; -0.0 ; -0.0 ; -0.0 ; -0.0 ; -0.0 ; -0.0 ; 0.0 ; 0.0 ; 0.0 ; 540.0 ; 540.0 ; 540.0 ; 540.0 ; 0.0 ; 0.0 ; 2147.0 ;0.0 ; 0.0 ;0.0 ; 0.0 ;2773 ;  12660 ; 9887 
2023-01-06T14:00:00 ; 810.0 ; 810.0 ; 810.0 ; 810.0 ; 1170.0 ; 1170.0 ; -0.0 ; -0.0 ; -0.0 ; -0.0 ; -0.0 ; -0.0 ; 0.0 ; 0.0 ; 0.0 ; 540.0 ; 540.0 ; 540.0 ; 540.0 ; 0.0 ; 0.0 ; 290.0 ;0.0 ; 0.0 ;0.0 ; 0.0 ;4405 ;  12435 ; 8030 
2023-01-06T15:00:00 ; 810.0 ; 810.0 ; 810.0 ; 810.0 ; 1170.0 ; 1170.0 ; -1.1368683772161603e-13 ; 0.0 ; -0.0 ; -0.0 ; -0.0 ; -0.0 ; 0.0 ; 0.0 ; 0.0 ; 540.0 ; 540.0 ; 540.0 ; 540.0 ; 0.0 ; 0.0 ; 76.00000000000011 ;0.0 ; 0.0 ;0.0 ; 0.0 ;4421 ;  12237 ; 7816 
2023-01-06T16:00:00 ; 810.0 ; 810.0 ; 810.0 ; 810.0 ; 1170.0 ; 1170.0 ; 0.0 ; -0.0 ; -0.0 ; -0.0 ; -0.0 ; 0.0 ; 0.0 ; 0.0 ; 0.0 ; 540.0 ; 540.0 ; 540.0 ; 540.0 ; 0.0 ; 0.0 ; 272.0 ;0.0 ; 0.0 ;0.0 ; 0.0 ;4160 ;  12172 ; 8012 
2023-01-06T17:00:00 ; 810.0 ; 810.0 ; 810.0 ; 810.0 ; 1170.0 ; 1170.0 ; 0.0 ; 0.0 ; -0.0 ; -0.0 ; 0.0 ; 0.0 ; 0.0 ; 0.0 ; 0.0 ; 540.0 ; 540.0 ; 540.0 ; 540.0 ; 0.0 ; 0.0 ; 1009.0 ;0.0 ; 0.0 ;0.0 ; 0.0 ;4003 ;  12752 ; 8749 
2023-01-06T18:00:00 ; 810.0 ; 810.0 ; 810.0 ; 810.0 ; 1170.0 ; 1170.0 ; 0.0 ; -0.0 ; -0.0 ; 0.0 ; -0.0 ; 0.0 ; 0.0 ; 0.0 ; 0.0 ; 540.0 ; 540.0 ; 540.0 ; 540.0 ; 0.0 ; 0.0 ; 1419.0 ;0.0 ; 0.0 ;0.0 ; 0.0 ;4149 ;  13308 ; 9159 
2023-01-06T19:00:00 ; 810.0 ; 810.0 ; 810.0 ; 810.0 ; 1170.0 ; 1170.0 ; 0.0 ; 0.0 ; 0.0 ; -0.0 ; 0.0 ; -0.0 ; 0.0 ; 0.0 ; 0.0 ; 540.0 ; 540.0 ; 540.0 ; 540.0 ; 0.0 ; 0.0 ; 1334.0 ;0.0 ; 0.0 ;0.0 ; 0.0 ;4096 ;  13170 ; 9074 
2023-01-06T20:00:00 ; 810.0 ; 810.0 ; 810.0 ; 810.0 ; 1170.0 ; 1170.0 ; 0.0 ; 0.0 ; 0.0 ; -0.0 ; 0.0 ; -0.0 ; 0.0 ; 0.0 ; 0.0 ; 540.0 ; 540.0 ; 540.0 ; 540.0 ; 0.0 ; 0.0 ; 1259.0 ;0.0 ; 0.0 ;0.0 ; 0.0 ;3312 ;  12311 ; 8999 
2023-01-06T21:00:00 ; 810.0 ; 810.0 ; 810.0 ; 810.0 ; 1170.0 ; 1170.0 ; 0.0 ; -0.0 ; -0.0 ; 0.0 ; 0.0 ; 0.0 ; 0.0 ; 0.0 ; 0.0 ; 540.0 ; 540.0 ; 540.0 ; 540.0 ; 0.0 ; 0.0 ; 1903.0 ;0.0 ; 0.0 ;0.0 ; 0.0 ;1927 ;  11570 ; 9643 
2023-01-06T22:00:00 ; 810.0 ; 810.0 ; 810.0 ; 810.0 ; 1170.0 ; 1170.0 ; 0.0 ; 0.0 ; -0.0 ; 0.0 ; -0.0 ; -0.0 ; 0.0 ; 0.0 ; 0.0 ; 540.0 ; 540.0 ; 540.0 ; 540.0 ; 0.0 ; 0.0 ; 584.0 ;0.0 ; 0.0 ;0.0 ; 0.0 ;3392 ;  11716 ; 8324 
2023-01-06T23:00:00 ; 810.0 ; 810.0 ; 810.0 ; 810.0 ; 1170.0 ; 1170.0 ; -0.0 ; 0.0 ; 0.0 ; 0.0 ; -0.0 ; 0.0 ; 0.0 ; 0.0 ; 0.0 ; 540.0 ; 540.0 ; 540.0 ; 540.0 ; 0.0 ; 0.0 ; 2123.0 ;0.0 ; 0.0 ;0.0 ; 0.0 ;1999 ;  11862 ; 9863 
2023-01-07T00:00:00 ; 810.0 ; 810.0 ; 810.0 ; 810.0 ; 1170.0 ; 1170.0 ; -0.0 ; -0.0 ; 0.0 ; 0.0 ; -0.0 ; 0.0 ; 0.0 ; 0.0 ; 0.0 ; 540.0 ; 540.0 ; 540.0 ; 540.0 ; 0.0 ; 0.0 ; 566.0 ;0.0 ; 0.0 ;0.0 ; 0.0 ;2896 ;  11202 ; 8306 
2023-01-07T01:00:00 ; 810.0 ; 810.0 ; 810.0 ; 810.0 ; 1170.0 ; 1170.0 ; -0.0 ; 0.0 ; 0.0 ; 0.0 ; -0.0 ; 0.0 ; 0.0 ; 0.0 ; 0.0 ; 540.0 ; 540.0 ; 540.0 ; 540.0 ; 0.0 ; 0.0 ; 456.0 ;0.0 ; 0.0 ;0.0 ; 0.0 ;2705 ;  10901 ; 8196 
2023-01-07T02:00:00 ; 810.0 ; 810.0 ; 810.0 ; 810.0 ; 1170.0 ; 1170.0 ; -0.0 ; 0.0 ; -0.0 ; 0.0 ; 0.0 ; 0.0 ; 0.0 ; 0.0 ; 0.0 ; 540.0 ; 540.0 ; 540.0 ; 540.0 ; 0.0 ; 0.0 ; 495.0 ;0.0 ; 0.0 ;0.0 ; 0.0 ;2389 ;  10624 ; 8235 
2023-01-07T03:00:00 ; 810.0 ; 810.0 ; 810.0 ; 810.0 ; 1170.0 ; 1170.0 ; -0.0 ; 0.0 ; 0.0 ; 0.0 ; 0.0 ; 0.0 ; 0.0 ; 0.0 ; 0.0 ; 540.0 ; 540.0 ; 540.0 ; 540.0 ; 0.0 ; 0.0 ; 494.0 ;0.0 ; 0.0 ;0.0 ; 0.0 ;2017 ;  10251 ; 8234 
2023-01-07T04:00:00 ; 810.0 ; 810.0 ; 810.0 ; 810.0 ; 1170.0 ; 1170.0 ; -0.0 ; 0.0 ; 0.0 ; 0.0 ; 0.0 ; 0.0 ; 0.0 ; 0.0 ; 0.0 ; 540.0 ; 540.0 ; 540.0 ; 540.0 ; 0.0 ; 0.0 ; 486.0 ;0.0 ; 0.0 ;0.0 ; 0.0 ;1990 ;  10216 ; 8226 
2023-01-07T05:00:00 ; 810.0 ; 810.0 ; 810.0 ; 810.0 ; 1170.0 ; 1170.0 ; 0.0 ; 0.0 ; -0.0 ; 0.0 ; 0.0 ; -0.0 ; 0.0 ; 0.0 ; 0.0 ; 540.0 ; 540.0 ; 540.0 ; 540.0 ; 0.0 ; 0.0 ; 735.0 ;0.0 ; 0.0 ;0.0 ; 0.0 ;2242 ;  10717 ; 8475 
2023-01-07T06:00:00 ; 810.0 ; 810.0 ; 810.0 ; 810.0 ; 1170.0 ; 1170.0 ; 0.0 ; -0.0 ; 0.0 ; -0.0 ; 0.0 ; -0.0 ; 0.0 ; 0.0 ; 0.0 ; 540.0 ; 540.0 ; 540.0 ; 540.0 ; 0.0 ; 0.0 ; 1555.0 ;0.0 ; 0.0 ;0.0 ; 0.0 ;2613 ;  11908 ; 9295 
2023-01-07T07:00:00 ; 810.0 ; 810.0 ; 810.0 ; 810.0 ; 1170.0 ; 1170.0 ; 0.0 ; 0.0 ; 0.0 ; 0.0 ; 0.0 ; -0.0 ; 0.0 ; 0.0 ; 0.0 ; 540.0 ; 540.0 ; 540.0 ; 540.0 ; 0.0 ; 0.0 ; 1812.0 ;0.0 ; 0.0 ;0.0 ; 0.0 ;3390 ;  12942 ; 9552 
2023-01-07T08:00:00 ; 810.0 ; 810.0 ; 810.0 ; 810.0 ; 1170.0 ; 1170.0 ; 0.0 ; 0.0 ; -0.0 ; -0.0 ; 0.0 ; 0.0 ; 0.0 ; 0.0 ; 0.0 ; 540.0 ; 540.0 ; 540.0 ; 540.0 ; 0.0 ; 0.0 ; 1558.0 ;0.0 ; 0.0 ;0.0 ; 0.0 ;3983 ;  13281 ; 9298 
2023-01-07T09:00:00 ; 810.0 ; 810.0 ; 810.0 ; 810.0 ; 1170.0 ; 1170.0 ; -0.0 ; 0.0 ; 0.0 ; 0.0 ; -0.0 ; 0.0 ; 0.0 ; 0.0 ; 0.0 ; 540.0 ; 540.0 ; 540.0 ; 540.0 ; 0.0 ; 0.0 ; 2129.0 ;0.0 ; 0.0 ;0.0 ; 0.0 ;3484 ;  13353 ; 9869 
2023-01-07T10:00:00 ; 810.0 ; 810.0 ; 810.0 ; 810.0 ; 1170.0 ; 1170.0 ; -0.0 ; 0.0 ; 0.0 ; 0.0 ; 0.0 ; 0.0 ; 0.0 ; 0.0 ; 0.0 ; 540.0 ; 540.0 ; 540.0 ; 540.0 ; 0.0 ; 0.0 ; 1854.0 ;0.0 ; 0.0 ;0.0 ; 0.0 ;3782 ;  13376 ; 9594 
2023-01-07T11:00:00 ; 810.0 ; 810.0 ; 810.0 ; 810.0 ; 1170.0 ; 1170.0 ; 0.0 ; 0.0 ; 0.0 ; -0.0 ; -0.0 ; -0.0 ; 0.0 ; 0.0 ; 0.0 ; 540.0 ; 540.0 ; 540.0 ; 540.0 ; 0.0 ; 0.0 ; 1770.0 ;0.0 ; 0.0 ;0.0 ; 0.0 ;3943 ;  13453 ; 9510 
2023-01-07T12:00:00 ; 810.0 ; 810.0 ; 810.0 ; 810.0 ; 1170.0 ; 1170.0 ; 0.0 ; -0.0 ; 0.0 ; -0.0 ; -0.0 ; 0.0 ; 0.0 ; 0.0 ; 0.0 ; 540.0 ; 540.0 ; 540.0 ; 540.0 ; 0.0 ; 0.0 ; 1705.0 ;0.0 ; 0.0 ;0.0 ; 0.0 ;3975 ;  13420 ; 9445 
2023-01-07T13:00:00 ; 810.0 ; 810.0 ; 810.0 ; 810.0 ; 1170.0 ; 1170.0 ; 0.0 ; 0.0 ; 0.0 ; 0.0 ; 0.0 ; 0.0 ; 0.0 ; 0.0 ; 0.0 ; 540.0 ; 540.0 ; 540.0 ; 540.0 ; 0.0 ; 0.0 ; 871.0 ;0.0 ; 0.0 ;0.0 ; 0.0 ;4526 ;  13137 ; 8611 
2023-01-07T14:00:00 ; 810.0 ; 810.0 ; 810.0 ; 810.0 ; 1170.0 ; 1170.0 ; 0.0 ; -0.0 ; -0.0 ; 0.0 ; 0.0 ; 0.0 ; 0.0 ; 0.0 ; 0.0 ; 540.0 ; 540.0 ; 540.0 ; 540.0 ; 0.0 ; 0.0 ; 770.0 ;0.0 ; 0.0 ;0.0 ; 0.0 ;4348 ;  12858 ; 8510 
2023-01-07T15:00:00 ; 810.0 ; 810.0 ; 810.0 ; 810.0 ; 1170.0 ; 1170.0 ; 0.0 ; -0.0 ; -0.0 ; 0.0 ; 0.0 ; -0.0 ; 0.0 ; 0.0 ; 0.0 ; 540.0 ; 540.0 ; 540.0 ; 540.0 ; 0.0 ; 0.0 ; 878.0 ;0.0 ; 0.0 ;0.0 ; 0.0 ;4014 ;  12632 ; 8618 
2023-01-07T16:00:00 ; 810.0 ; 810.0 ; 810.0 ; 810.0 ; 1170.0 ; 1170.0 ; 0.0 ; 0.0 ; -0.0 ; -0.0 ; 0.0 ; 0.0 ; 0.0 ; 0.0 ; 0.0 ; 540.0 ; 540.0 ; 540.0 ; 540.0 ; 0.0 ; 0.0 ; 1082.0 ;0.0 ; 0.0 ;0.0 ; 0.0 ;3722 ;  12544 ; 8822 
2023-01-07T17:00:00 ; 810.0 ; 810.0 ; 810.0 ; 810.0 ; 1170.0 ; 1170.0 ; 0.0 ; 137.0 ; -0.0 ; -0.0 ; 0.0 ; -0.0 ; 0.0 ; 0.0 ; 0.0 ; 540.0 ; 540.0 ; 540.0 ; 540.0 ; 0.0 ; 0.0 ; 1886.0 ;0.0 ; 0.0 ;0.0 ; 0.0 ;3297 ;  13060 ; 9763 
2023-01-07T18:00:00 ; 810.0 ; 810.0 ; 810.0 ; 810.0 ; 1170.0 ; 1170.0 ; 0.0 ; 137.0 ; -0.0 ; -0.0 ; 0.0 ; -0.0 ; 0.0 ; 0.0 ; 0.0 ; 540.0 ; 540.0 ; 540.0 ; 540.0 ; 0.0 ; 0.0 ; 2621.0 ;0.0 ; 0.0 ;0.0 ; 0.0 ;2995 ;  13493 ; 10498 
2023-01-07T19:00:00 ; 810.0 ; 810.0 ; 810.0 ; 810.0 ; 1170.0 ; 1170.0 ; 0.0 ; 137.0 ; -0.0 ; 0.0 ; -0.0 ; -0.0 ; 0.0 ; 0.0 ; 0.0 ; 540.0 ; 540.0 ; 540.0 ; 540.0 ; 0.0 ; 0.0 ; 2990.0 ;0.0 ; 0.0 ;0.0 ; 0.0 ;2500 ;  13367 ; 10867 
2023-01-07T20:00:00 ; 810.0 ; 810.0 ; 810.0 ; 810.0 ; 1170.0 ; 1170.0 ; 0.0 ; 354.6 ; 0.0 ; 0.0 ; -0.0 ; -0.0 ; 0.0 ; 0.0 ; 0.0 ; 540.0 ; 540.0 ; 540.0 ; 540.0 ; 0.0 ; 0.0 ; 1305.4 ;0.0 ; 0.0 ;0.0 ; 0.0 ;3017 ;  12417 ; 9400 
2023-01-07T21:00:00 ; 810.0 ; 810.0 ; 810.0 ; 810.0 ; 1170.0 ; 1170.0 ; 0.0 ; 0.0 ; -0.0 ; -0.0 ; -0.0 ; -0.0 ; 0.0 ; 0.0 ; 0.0 ; 540.0 ; 540.0 ; 540.0 ; 540.0 ; 0.0 ; 0.0 ; 2071.0 ;0.0 ; -0.0 ;0.0 ; 0.0 ;1797 ;  11608 ; 9811 
2023-01-07T22:00:00 ; 810.0 ; 810.0 ; 810.0 ; 810.0 ; 1170.0 ; 1170.0 ; 0.0 ; 0.0 ; 0.0 ; 0.0 ; 0.0 ; -0.0 ; 0.0 ; 0.0 ; 0.0 ; 540.0 ; 540.0 ; 540.0 ; 540.0 ; 0.0 ; 0.0 ; 712.0 ;0.0 ; -0.0 ;0.0 ; 0.0 ;3240 ;  11692 ; 8452 
2023-01-07T23:00:00 ; 810.0 ; 810.0 ; 810.0 ; 810.0 ; 1170.0 ; 1170.0 ; 0.0 ; 0.0 ; 0.0 ; 0.0 ; -0.0 ; 0.0 ; 0.0 ; 0.0 ; 0.0 ; 540.0 ; 540.0 ; 540.0 ; 540.0 ; 0.0 ; 0.0 ; 808.0 ;0.0 ; 0.0 ;0.0 ; 0.0 ;3224 ;  11772 ; 8548 
