Date;Gazby;Omaïgaz1;Omaïgaz2;Igaznodon1;Igaznodon2;Cogénérations;Pégaz;Samagaz1;Samagaz2;Gastafiore;Iconuc1;Iconuc2;Tabarnuc1;Tabarnuc2;NucPlusUltra1;NucPlusUltra2;Coron1;Coron2;Mockingjay;Lantier;Tacotac;TicEtTac;Hydro;STEP_pompage;STEP_turbinage;Batt_inj;Batt_sout;RES;Load;Net_load;stock_STEP;stock_battery;stock_CH4_S;stock_CH4_N;CH4_S_prod_1;CH4_S_prod_2;CH4_N_prod_1;CH4_N_prod_2;CH4_S_inj;CH4_S_sout;CH4_N_inj;CH4_N_sout;CH4_S_stock;CH4_N_stock;CH4_flux_S_N;H2_S_prod;H2_N_prod;H2_flux_S_N;CH4_S_uns;CH4_N_uns;H2_S_uns;H2_N_uns;UCth_1;UCth_2;UCth_3;UCth_4;UCth_5;UCth_6;UCth_7;UCth_8;UCth_9;UCth_10;UCth_11;UCth_12;UCth_13;UCth_14;UCth_15;UCth_16;UCth_17;UCth_18;UCth_19;UCth_20;UCth_21;UCth_22;UC_CH4_S;UC_H2_S;UC_H2_N
2020-07-22T00:00:00;0.0;0.0;0.0;0.0;0.0;0.0;0.0;0.0;0.0;0.0;810.0;810.0;810.0;810.0;1170.0;1170.0;0.0;0.0;0.0;0.0;0.0;0.0;94.16307893020348;-0.0;0.0;0.0;0.0;2431;8105;5674;0.0;0.0;3.937629119963283e6;5.658127878242668e6;4166.666666666667;12047.41371382831;2083.3333333333335;2083.3333333333335;8333.333333333334;0.0;5857.279746336682;0.0;3.937629119963283e6;5.658127878242668e6;4166.666666666666;0.1141552511415525;0.0;0.1141552511415525;0.0;0.0;0.0;0.0;0;0;0;0;0;1;0;0;0;0;1;1;1;1;1;1;0;0;0;0;0;0;1;1;0
2020-07-22T01:00:00;0.0;0.0;0.0;0.0;0.0;0.0;0.0;0.0;0.0;0.0;300.0;300.0;300.0;300.0;330.0;330.0;0.0;0.0;0.0;0.0;0.0;0.0;3321.1630789302035;0.0;0.0;0.0;0.0;2517;7698;5181;0.0;0.0;3.9459624532966167e6;5.663985157989005e6;4166.666666666667;12047.41371382831;2083.3333333333335;2083.3333333333335;8333.333333333334;0.0;5857.279746336682;0.0;3.9459624532966167e6;5.663985157989005e6;4166.666666666666;0.1141552511415525;0.0;0.1141552511415525;0.0;0.0;0.0;0.0;0;0;0;0;0;1;0;0;0;0;1;1;1;1;1;1;0;0;0;0;0;0;1;1;0
2020-07-22T02:00:00;0.0;0.0;0.0;0.0;0.0;0.0;0.0;0.0;0.0;0.0;300.0;300.0;300.0;300.0;330.0;330.0;0.0;0.0;0.0;0.0;0.0;4.547473508864641e-13;2931.1630789302026;0.0;0.0;0.0;0.0;2588;7379;4791;-0.0;0.0;3.9542957866299497e6;5.6698424377353415e6;4166.666666666667;12047.41371382831;2083.3333333333335;2083.3333333333335;8333.333333333334;0.0;5857.279746336682;0.0;3.9542957866299497e6;5.6698424377353415e6;4166.666666666666;0.1141552511415525;0.0;0.1141552511415525;0.0;0.0;0.0;0.0;0;0;0;0;0;1;0;0;0;0;1;1;1;1;1;1;0;0;0;0;0;0;1;1;0
2020-07-22T03:00:00;0.0;0.0;-2.7284841053187846e-13;0.0;0.0;0.0;0.0;0.0;2.7284841053187846e-13;0.0;300.0;300.0;659.1630789302017;810.0;1170.0;1170.0;0.0;0.0;0.0;0.0;0.0;0.0;0.0;-0.0;0.0;0.0;0.0;2602;7011;4409;-0.0;0.0;3.9626291199632827e6;5.675699717481678e6;4166.666666666667;12047.41371382831;2083.3333333333335;2083.3333333333335;8333.333333333334;0.0;5857.279746336682;0.0;3.9626291199632827e6;5.675699717481678e6;4166.666666666667;0.1141552511415525;0.0;0.1141552511415525;0.0;0.0;0.0;0.0;0;0;0;0;0;1;0;0;0;0;1;1;1;1;1;1;0;0;0;0;0;0;1;1;0
2020-07-22T04:00:00;0.0;0.0;0.0;0.0;5.456968210637569e-13;0.0;2.7284841053187846e-13;0.0;0.0;0.0;300.0;300.0;676.1630789302026;810.0;1170.0;1170.0;0.0;0.0;0.0;0.0;0.0;0.0;0.0;0.0;0.0;0.0;0.0;2508;6934;4426;-0.0;0.0;3.970962453296616e6;5.681556997228015e6;4166.666666666667;12047.413713828311;2083.3333333333335;2083.3333333333335;8333.333333333334;0.0;5857.279746336682;0.0;3.970962453296616e6;5.681556997228015e6;4166.666666666667;0.1141552511415525;0.0;0.1141552511415525;0.0;0.0;0.0;0.0;0;0;0;0;0;1;0;0;0;0;1;1;1;1;1;1;0;0;0;0;0;0;1;1;0
2020-07-22T05:00:00;0.0;0.0;0.0;0.0;5.456968210637569e-13;0.0;0.0;0.0;0.0;2.7284841053187846e-13;300.0;300.0;807.1630789302026;810.0;1170.0;1170.0;0.0;0.0;0.0;0.0;0.0;0.0;0.0;0.0;0.0;0.0;0.0;2659;7216;4557;-0.0;0.0;3.9792957866299497e6;5.687414276974351e6;4166.666666666667;12047.413713828311;2083.3333333333335;2083.3333333333335;8333.333333333334;0.0;5857.279746336682;0.0;3.9792957866299497e6;5.687414276974351e6;4166.666666666667;0.1141552511415525;0.0;0.1141552511415525;0.0;0.0;0.0;0.0;0;0;0;0;0;1;0;0;0;0;1;1;1;1;1;1;0;0;0;0;0;0;1;1;0
2020-07-22T06:00:00;0.0;0.0;0.0;0.0;5.456968210637569e-13;0.0;0.0;0.0;0.0;2.7284841053187846e-13;300.0;635.1630789302008;810.0;810.0;1170.0;1170.0;0.0;0.0;0.0;0.0;0.0;0.0;0.0;0.0;0.0;0.0;0.0;2828;7723;4895;-0.0;0.0;3.9876291199632827e6;5.693271556720688e6;4166.666666666667;12047.413713828311;2083.3333333333335;2083.3333333333335;8333.333333333334;0.0;5857.279746336682;0.0;3.9876291199632827e6;5.693271556720688e6;4166.666666666667;0.1141552511415525;0.0;0.1141552511415525;0.0;0.0;0.0;0.0;0;0;0;0;0;1;0;0;0;0;1;1;1;1;1;1;0;0;0;0;0;0;1;1;0
2020-07-22T07:00:00;0.0;0.0;0.0;0.0;5.456968210637569e-13;0.0;0.0;2.7284841053187846e-13;0.0;0.0;423.16307893020075;810.0;810.0;810.0;1170.0;1170.0;0.0;0.0;0.0;0.0;0.0;0.0;0.0;0.0;0.0;0.0;0.0;3217;8410;5193;-0.0;0.0;3.995962453296616e6;5.699128836467025e6;4166.666666666667;12047.413713828311;2083.3333333333335;2083.3333333333335;8333.333333333334;0.0;5857.279746336682;0.0;3.995962453296616e6;5.699128836467025e6;4166.666666666667;0.1141552511415525;0.0;0.1141552511415525;0.0;0.0;0.0;0.0;0;0;0;0;0;1;0;0;0;0;1;1;1;1;1;1;0;0;0;0;0;0;1;1;0
2020-07-22T08:00:00;0.0;0.0;0.0;0.0;-1.8189894035458566e-13;0.0;2.7284841053187846e-13;0.0;0.0;0.0;300.0;300.0;400.16307893020166;810.0;1170.0;1170.0;0.0;0.0;0.0;0.0;0.0;0.0;0.0;0.0;0.0;0.0;0.0;4910;9060;4150;-0.0;0.0;4.00429578662995e6;5.704986116213362e6;4166.666666666667;12047.413713829395;2083.3333333333335;2083.3333333333335;8333.33333333442;0.0;5857.279746336682;0.0;4.00429578662995e6;5.704986116213362e6;4166.666666666667;0.1141552511415525;0.0;0.1141552511415525;0.0;0.0;0.0;0.0;0;0;0;0;0;1;0;0;0;0;1;1;1;1;1;1;0;0;0;0;0;0;1;1;0
2020-07-22T09:00:00;0.0;0.0;0.0;0.0;-1.8189894035458566e-13;0.0;0.0;0.0;0.0;2.7284841053187846e-13;300.0;300.0;300.0;300.0;330.0;330.0;0.0;0.0;0.0;0.0;0.0;0.0;4257.1630789302035;0.0;0.0;0.0;0.0;3393;9510;6117;-0.0;0.0;4.0126291199632846e6;5.710843395959698e6;4166.666666666667;12047.413713827067;2083.3333333333335;2083.3333333333335;8333.333333332092;0.0;5857.279746336682;0.0;4.0126291199632846e6;5.710843395959698e6;4166.666666666667;0.1141552511415525;0.0;0.1141552511415525;0.0;0.0;0.0;0.0;0;0;0;0;0;1;0;0;0;0;1;1;1;1;1;1;0;0;0;0;0;0;1;1;0
2020-07-22T10:00:00;0.0;0.0;0.0;5.456968210637569e-13;0.0;0.0;0.0;2.7284841053187846e-13;0.0;0.0;300.0;300.0;713.1630789302008;810.0;1170.0;1170.0;0.0;0.0;0.0;0.0;0.0;0.0;0.0;0.0;0.0;0.0;0.0;5293;9756;4463;-0.0;0.0;4.0209624532966167e6;5.7167006757060345e6;4166.666666666667;12047.413713828311;2083.3333333333335;2083.3333333333335;8333.333333333334;0.0;5857.279746336682;0.0;4.0209624532966167e6;5.7167006757060345e6;4166.666666666667;0.1141552511415525;0.0;0.1141552511415525;0.0;0.0;0.0;0.0;0;0;0;0;0;1;0;0;0;0;1;1;1;1;1;1;0;0;0;0;0;0;1;1;0
2020-07-22T11:00:00;0.0;0.0;0.0;0.0;5.456968210637569e-13;0.0;0.0;0.0;0.0;2.7284841053187846e-13;300.0;485.16307893020075;810.0;810.0;1170.0;1170.0;0.0;0.0;0.0;0.0;0.0;0.0;0.0;0.0;0.0;0.0;0.0;5231;9976;4745;-0.0;0.0;4.0292957866299497e6;5.722557955452371e6;4166.666666666667;12047.413713828311;2083.3333333333335;2083.3333333333335;8333.333333333334;0.0;5857.279746336682;0.0;4.0292957866299497e6;5.722557955452371e6;4166.666666666667;0.1141552511415525;0.0;0.1141552511415525;0.0;0.0;0.0;0.0;0;0;0;0;0;1;0;0;0;0;1;1;1;1;1;1;0;0;0;0;0;0;1;1;0
2020-07-22T12:00:00;-2.7284841053187846e-13;0.0;0.0;0.0;0.0;0.0;0.0;0.0;2.7284841053187846e-13;0.0;403.1630789302035;810.0;810.0;810.0;1170.0;1170.0;0.0;0.0;0.0;0.0;0.0;0.0;0.0;0.0;0.0;0.0;0.0;4890;10063;5173;-0.0;0.0;4.037629119963283e6;5.728415235198708e6;4166.666666666667;12047.41371382831;2083.3333333333335;2083.3333333333335;8333.333333333334;0.0;5857.279746336682;0.0;4.037629119963283e6;5.728415235198708e6;4166.666666666667;0.1141552511415525;0.0;0.1141552511415525;0.0;0.0;0.0;0.0;0;0;0;0;0;1;0;0;0;0;1;1;1;1;1;1;0;0;0;0;0;0;1;1;0
2020-07-22T13:00:00;0.0;0.0;0.0;0.0;5.456968210637569e-13;0.0;2.7284841053187846e-13;0.0;0.0;0.0;398.1630789302035;810.0;810.0;810.0;1170.0;1170.0;0.0;0.0;0.0;0.0;0.0;0.0;0.0;0.0;0.0;0.0;0.0;4776;9944;5168;-0.0;0.0;4.0459624532966167e6;5.734272514945044e6;4166.666666666667;12047.413713829856;2083.3333333333335;2083.3333333333335;8333.333333334878;0.0;5857.279746336682;0.0;4.0459624532966167e6;5.734272514945044e6;4166.666666666667;0.1141552511415525;0.0;0.1141552511415525;0.0;0.0;0.0;0.0;0;0;0;0;0;1;0;0;0;0;1;1;1;1;1;1;0;0;0;0;0;0;1;1;0
2020-07-22T14:00:00;0.0;0.0;0.0;0.0;-1.8189894035458566e-13;0.0;0.0;0.0;0.0;2.7284841053187846e-13;506.1630789302026;810.0;810.0;810.0;1170.0;1170.0;0.0;0.0;0.0;0.0;0.0;0.0;0.0;0.0;0.0;0.0;0.0;4631;9907;5276;-0.0;0.0;4.0542957866299516e6;5.740129794691381e6;4166.666666666667;12047.41371382893;2083.3333333333335;2083.3333333333335;8333.333333333954;0.0;5857.279746336682;0.0;4.0542957866299516e6;5.740129794691381e6;4166.666666666667;0.1141552511415525;0.0;0.1141552511415525;0.0;0.0;0.0;0.0;0;0;0;0;0;1;0;0;0;0;1;1;1;1;1;1;0;0;0;0;0;0;1;1;0
2020-07-22T15:00:00;0.0;0.0;0.0;0.0;-1.8189894035458566e-13;0.0;2.7284841053187846e-13;0.0;0.0;0.0;775.1630789302017;810.0;810.0;810.0;1170.0;1170.0;0.0;0.0;0.0;0.0;0.0;0.0;0.0;0.0;0.0;0.0;0.0;4122;9667;5545;0.0;0.0;4.0626291199632855e6;5.745987074437718e6;4166.666666666667;12047.413713827067;2083.3333333333335;2083.3333333333335;8333.333333332092;0.0;5857.279746336682;0.0;4.0626291199632855e6;5.745987074437718e6;4166.666666666667;0.1141552511415525;0.0;0.1141552511415525;0.0;0.0;0.0;0.0;0;0;0;0;0;1;0;0;0;0;1;1;1;1;1;1;0;0;0;0;0;0;1;1;0
2020-07-22T16:00:00;0.0;0.0;0.0;0.0;5.456968210637569e-13;0.0;0.0;0.0;0.0;2.7284841053187846e-13;300.0;300.0;300.0;300.0;330.0;1026.2131667407652;0.0;0.0;0.0;0.0;0.0;0.0;3117.9499121894355;0.0;0.0;0.0;0.0;3772;9446;5674;-0.0;0.0;4.0709624532966176e6;5.751844354184055e6;4166.666666666667;12047.413713828311;2083.3333333333335;2083.3333333333335;8333.333333333334;0.0;5857.279746336682;0.0;4.0709624532966176e6;5.751844354184055e6;4166.666666666667;0.1141552511415525;0.0;0.1141552511415525;0.0;0.0;0.0;0.0;0;0;0;0;0;1;0;0;0;0;1;1;1;1;1;1;0;0;0;0;0;0;1;1;0
2020-07-22T17:00:00;0.0;0.0;0.0;0.0;5.456968210637569e-13;0.0;2.7284841053187846e-13;0.0;0.0;0.0;810.0;810.0;810.0;810.0;1170.0;1170.0;0.0;0.0;0.0;0.0;0.0;0.0;519.1630789302025;0.0;0.0;0.0;0.0;3184;9283;6099;-0.0;0.0;4.079295786629951e6;5.757701633930392e6;4166.666666666667;12047.413713828311;2083.3333333333335;2083.3333333333335;8333.333333333334;0.0;5857.279746336682;0.0;4.079295786629951e6;5.757701633930392e6;4166.666666666667;0.1141552511415525;0.0;0.1141552511415525;0.0;0.0;0.0;0.0;0;0;0;0;0;1;0;0;0;0;1;1;1;1;1;1;0;0;0;0;0;0;1;1;0
2020-07-22T18:00:00;0.0;0.0;0.0;0.0;5.456968210637569e-13;0.0;0.0;0.0;0.0;2.7284841053187846e-13;300.0;326.16307893020075;810.0;810.0;1170.0;1170.0;0.0;0.0;0.0;0.0;0.0;0.0;0.0;0.0;0.0;0.0;0.0;4788;9374;4586;-0.0;0.0;4.087629119963284e6;5.763558913676728e6;4166.666666666667;12047.413713828311;2083.3333333333335;2083.3333333333335;8333.333333333334;0.0;5857.279746336682;0.0;4.087629119963284e6;5.763558913676728e6;4166.666666666667;0.1141552511415525;0.0;0.1141552511415525;0.0;0.0;0.0;0.0;0;0;0;0;0;1;0;0;0;0;1;1;1;1;1;1;0;0;0;0;0;0;1;1;0
2020-07-22T19:00:00;0.0;0.0;0.0;5.456968210637569e-13;0.0;0.0;0.0;2.7284841053187846e-13;0.0;0.0;300.0;300.0;677.1630789302008;810.0;1170.0;1170.0;0.0;0.0;0.0;0.0;0.0;0.0;0.0;0.0;0.0;0.0;0.0;4794;9221;4427;-0.0;0.0;4.0959624532966176e6;5.769416193423064e6;4166.666666666667;12047.413713828311;2083.3333333333335;2083.3333333333335;8333.333333333334;0.0;5857.279746336682;0.0;4.0959624532966176e6;5.769416193423064e6;4166.666666666667;0.1141552511415525;0.0;0.1141552511415525;0.0;0.0;0.0;0.0;0;0;0;0;0;1;0;0;0;0;1;1;1;1;1;1;0;0;0;0;0;0;1;1;0
2020-07-22T20:00:00;0.0;0.0;0.0;0.0;5.456968210637569e-13;0.0;0.0;0.0;0.0;2.7284841053187846e-13;300.0;300.0;300.0;792.1630789302008;1170.0;1170.0;0.0;0.0;0.0;0.0;0.0;0.0;0.0;0.0;0.0;0.0;0.0;4675;8707;4032;-0.0;0.0;4.1042957866299516e6;5.775273473169401e6;4166.666666666667;12047.413713828311;2083.3333333333335;2083.3333333333335;8333.333333333334;0.0;5857.279746336682;0.0;4.1042957866299516e6;5.775273473169401e6;4166.666666666667;0.1141552511415525;0.0;0.1141552511415525;0.0;0.0;0.0;0.0;0;0;0;0;0;1;0;0;0;0;1;1;1;1;1;1;0;0;0;0;0;0;1;1;0
2020-07-22T21:00:00;0.0;0.0;0.0;5.456968210637569e-13;0.0;0.0;0.0;0.0;2.7284841053187846e-13;0.0;653.1630789302026;810.0;810.0;810.0;1170.0;1170.0;0.0;0.0;0.0;0.0;0.0;0.0;0.0;-0.0;0.0;0.0;0.0;2991;8414;5423;-0.0;0.0;4.112629119963285e6;5.781130752915738e6;4166.666666666667;12047.413713828311;2083.3333333333335;2083.3333333333335;8333.333333333334;0.0;5857.279746336682;0.0;4.112629119963285e6;5.781130752915738e6;4166.666666666667;0.1141552511415525;0.0;0.1141552511415525;0.0;0.0;0.0;0.0;0;0;0;0;0;1;0;0;0;0;1;1;1;1;1;1;0;0;0;0;0;0;1;1;0
2020-07-22T22:00:00;0.0;0.0;0.0;0.0;5.456968210637569e-13;0.0;2.7284841053187846e-13;0.0;0.0;0.0;300.0;300.0;472.1630789302026;810.0;1170.0;1170.0;0.0;0.0;0.0;0.0;0.0;0.0;0.0;0.0;0.0;0.0;0.0;4610;8832;4222;-0.0;0.0;4.120962453296618e6;5.786988032662074e6;4166.666666666667;12047.413713828311;2083.3333333333335;2083.3333333333335;8333.333333333334;0.0;5857.279746336682;0.0;4.120962453296618e6;5.786988032662074e6;4166.666666666667;0.1141552511415525;0.0;0.1141552511415525;0.0;0.0;0.0;0.0;0;0;0;0;0;1;0;0;0;0;1;1;1;1;1;1;0;0;0;0;0;0;1;1;0
2020-07-22T23:00:00;0.0;0.0;0.0;0.0;5.456968210637569e-13;0.0;0.0;0.0;0.0;2.7284841053187846e-13;300.0;300.0;336.16307893020155;810.0;1170.0;1170.0;0.0;0.0;0.0;0.0;0.0;0.0;0.0;0.0;0.0;0.0;0.0;4741;8827;4086;-0.0;0.0;4.1292957866299516e6;5.792845312408411e6;4166.666666666667;12047.413713828311;2083.3333333333335;2083.3333333333335;8333.333333333334;0.0;5857.279746336682;0.0;4.1292957866299516e6;5.792845312408411e6;4166.666666666667;0.1141552511415525;0.0;0.1141552511415525;0.0;0.0;0.0;0.0;0;0;0;0;0;1;0;0;0;0;1;1;1;1;1;1;0;0;0;0;0;0;1;1;0
2020-07-23T00:00:00;0.0;0.0;0.0;0.0;1.8189894035458566e-13;0.0;0.0;-2.7284841053187846e-13;0.0;0.0;300.0;300.0;300.0;609.1630789302023;1170.0;1170.0;0.0;0.0;0.0;0.0;0.0;0.0;0.0;0.0;0.0;0.0;0.0;4255;8104;3849;-0.0;0.0;4.137629119963285e6;5.798702592154748e6;4166.666666666667;12067.685517820264;2083.3333333333335;2083.3333333333335;8333.333333333334;0.0;5843.765210342048;0.0;4.137629119963285e6;5.798702592154748e6;4166.666666666667;0.1141552511415525;0.0;0.1141552511415525;0.0;0.0;0.0;0.0;0;0;0;0;0;1;0;0;0;0;1;1;1;1;1;1;0;0;0;0;0;0;1;1;0
2020-07-23T01:00:00;0.0;0.0;0.0;0.0;5.456968210637569e-13;0.0;0.0;0.0;0.0;-2.7284841053187846e-13;300.0;700.1630789302023;810.0;810.0;1170.0;1170.0;0.0;0.0;0.0;0.0;0.0;0.0;0.0;0.0;0.0;0.0;0.0;2731;7691;4960;-0.0;0.0;4.1459624532966185e6;5.80454635736509e6;4166.666666666667;12067.685517820264;2083.3333333333335;2083.3333333333335;8333.333333333334;0.0;5843.765210342047;0.0;4.1459624532966185e6;5.80454635736509e6;4166.666666666666;0.1141552511415525;0.0;0.1141552511415525;0.0;0.0;0.0;0.0;0;0;0;0;0;1;0;0;0;0;1;1;1;1;1;1;0;0;0;0;0;0;1;1;0
2020-07-23T02:00:00;0.0;0.0;0.0;0.0;9.094947017729282e-13;0.0;0.0;-2.7284841053187846e-13;0.0;0.0;300.0;450.1630789302023;810.0;810.0;1170.0;1170.0;0.0;0.0;0.0;0.0;0.0;0.0;0.0;0.0;0.0;0.0;0.0;2656;7366;4710;-0.0;0.0;4.154295786629952e6;5.810390122575432e6;4166.666666666667;12067.685517822283;2083.3333333333335;2083.3333333333335;8333.333333335351;0.0;5843.765210342048;0.0;4.154295786629952e6;5.810390122575432e6;4166.666666666667;0.1141552511415525;0.0;0.1141552511415525;0.0;0.0;0.0;0.0;0;0;0;0;0;1;0;0;0;0;1;1;1;1;1;1;0;0;0;0;0;0;1;1;0
2020-07-23T03:00:00;0.0;0.0;0.0;0.0;5.456968210637569e-13;0.0;0.0;0.0;0.0;-2.7284841053187846e-13;300.0;300.0;300.0;323.1630789302014;1170.0;1170.0;0.0;0.0;0.0;0.0;0.0;0.0;0.0;0.0;0.0;0.0;0.0;3441;7004;3563;-0.0;0.0;4.162629119963287e6;5.816233887785775e6;4166.666666666667;12067.685517820419;2083.3333333333335;2083.3333333333335;8333.333333333489;0.0;5843.765210342047;0.0;4.162629119963287e6;5.816233887785775e6;4166.666666666666;0.1141552511415525;0.0;0.1141552511415525;0.0;0.0;0.0;0.0;0;0;0;0;0;1;0;0;0;0;1;1;1;1;1;1;0;0;0;0;0;0;1;1;0
2020-07-23T04:00:00;0.0;0.0;0.0;5.456968210637569e-13;0.0;0.0;0.0;-2.7284841053187846e-13;0.0;0.0;300.0;300.0;392.1630789302023;810.0;1170.0;1170.0;0.0;0.0;0.0;0.0;0.0;0.0;0.0;0.0;0.0;0.0;0.0;2785;6927;4142;-0.0;0.0;4.1709624532966204e6;5.822077652996116e6;4166.666666666667;12067.685517820264;2083.3333333333335;2083.3333333333335;8333.333333333334;0.0;5843.765210342047;0.0;4.1709624532966204e6;5.822077652996116e6;4166.666666666666;0.1141552511415525;0.0;0.1141552511415525;0.0;0.0;0.0;0.0;0;0;0;0;0;1;0;0;0;0;1;1;1;1;1;1;0;0;0;0;0;0;1;1;0
2020-07-23T05:00:00;0.0;0.0;0.0;0.0;5.456968210637569e-13;0.0;0.0;0.0;0.0;-2.7284841053187846e-13;300.0;300.0;546.1630789302023;810.0;1170.0;1170.0;0.0;0.0;0.0;0.0;0.0;0.0;0.0;0.0;0.0;0.0;0.0;2926;7222;4296;-0.0;0.0;4.179295786629954e6;5.827921418206459e6;4166.666666666667;12067.685517820264;2083.3333333333335;2083.3333333333335;8333.333333333334;0.0;5843.765210342047;0.0;4.179295786629954e6;5.827921418206459e6;4166.666666666666;0.1141552511415525;0.0;0.1141552511415525;0.0;0.0;0.0;0.0;0;0;0;0;0;1;0;0;0;0;1;1;1;1;1;1;0;0;0;0;0;0;1;1;0
2020-07-23T06:00:00;0.0;0.0;0.0;1.8189894035458566e-13;0.0;0.0;0.0;0.0;-2.7284841053187846e-13;0.0;300.0;300.0;713.1630789302033;810.0;1170.0;1170.0;0.0;0.0;0.0;0.0;0.0;0.0;0.0;0.0;0.0;0.0;0.0;3243;7706;4463;-0.0;0.0;4.1876291199632874e6;5.833765183416801e6;4166.666666666667;12067.685517820264;2083.3333333333335;2083.3333333333335;8333.333333333334;0.0;5843.765210342048;0.0;4.1876291199632874e6;5.833765183416801e6;4166.666666666667;0.1141552511415525;0.0;0.1141552511415525;0.0;0.0;0.0;0.0;0;0;0;0;0;1;0;0;0;0;1;1;1;1;1;1;0;0;0;0;0;0;1;1;0
2020-07-23T07:00:00;0.0;0.0;0.0;0.0;1.8189894035458566e-13;0.0;-2.7284841053187846e-13;0.0;0.0;0.0;300.0;738.1630789302023;810.0;810.0;1170.0;1170.0;0.0;0.0;0.0;0.0;0.0;0.0;0.0;0.0;0.0;0.0;0.0;3367;8365;4998;-0.0;0.0;4.19596245329662e6;5.839608948627142e6;4166.666666666667;12067.685517820264;2083.3333333333335;2083.3333333333335;8333.333333333334;0.0;5843.765210342048;0.0;4.19596245329662e6;5.839608948627142e6;4166.666666666667;0.1141552511415525;0.0;0.1141552511415525;0.0;0.0;0.0;0.0;0;0;0;0;0;1;0;0;0;0;1;1;1;1;1;1;0;0;0;0;0;0;1;1;0
2020-07-23T08:00:00;0.0;0.0;0.0;0.0;5.456968210637569e-13;0.0;0.0;0.0;0.0;-2.7284841053187846e-13;568.1630789302023;810.0;810.0;810.0;1170.0;1170.0;0.0;0.0;0.0;0.0;0.0;0.0;0.0;0.0;0.0;0.0;0.0;3662;9000;5338;-0.0;0.0;4.204295786629953e6;5.845452713837485e6;4166.666666666667;12067.685517820264;2083.3333333333335;2083.3333333333335;8333.333333333334;0.0;5843.765210342047;0.0;4.204295786629953e6;5.845452713837485e6;4166.666666666666;0.1141552511415525;0.0;0.1141552511415525;0.0;0.0;0.0;0.0;0;0;0;0;0;1;0;0;0;0;1;1;1;1;1;1;0;0;0;0;0;0;1;1;0
2020-07-23T09:00:00;0.0;0.0;0.0;0.0;1.8189894035458566e-13;0.0;0.0;-2.7284841053187846e-13;0.0;0.0;563.1630789302023;810.0;810.0;810.0;1170.0;1170.0;0.0;0.0;0.0;0.0;0.0;0.0;0.0;0.0;0.0;0.0;0.0;4090;9423;5333;-0.0;0.0;4.212629119963287e6;5.8512964790478265e6;4166.666666666667;12067.685517820264;2083.3333333333335;2083.3333333333335;8333.333333333334;0.0;5843.765210342048;0.0;4.212629119963287e6;5.8512964790478265e6;4166.666666666667;0.1141552511415525;0.0;0.1141552511415525;0.0;0.0;0.0;0.0;0;0;0;0;0;1;0;0;0;0;1;1;1;1;1;1;0;0;0;0;0;0;1;1;0
2020-07-23T10:00:00;0.0;0.0;0.0;0.0;5.456968210637569e-13;0.0;0.0;0.0;0.0;-2.7284841053187846e-13;491.1630789302023;810.0;810.0;810.0;1170.0;1170.0;0.0;0.0;0.0;0.0;0.0;0.0;0.0;0.0;0.0;0.0;0.0;4373;9634;5261;-0.0;0.0;4.22096245329662e6;5.857140244258169e6;4166.666666666667;12067.685517820264;2083.3333333333335;2083.3333333333335;8333.333333333334;0.0;5843.765210342047;0.0;4.22096245329662e6;5.857140244258169e6;4166.666666666666;0.1141552511415525;0.0;0.1141552511415525;0.0;0.0;0.0;0.0;0;0;0;0;0;1;0;0;0;0;1;1;1;1;1;1;0;0;0;0;0;0;1;1;0
2020-07-23T11:00:00;0.0;0.0;0.0;0.0;1.8189894035458566e-13;0.0;0.0;-2.7284841053187846e-13;0.0;0.0;484.1630789302032;810.0;810.0;810.0;1170.0;1170.0;0.0;0.0;0.0;0.0;0.0;0.0;0.0;0.0;0.0;0.0;0.0;4565;9819;5254;-0.0;0.0;4.229295786629953e6;5.862984009468511e6;4166.666666666667;12067.685517820264;2083.3333333333335;2083.3333333333335;8333.333333333334;0.0;5843.765210342048;0.0;4.229295786629953e6;5.862984009468511e6;4166.666666666667;0.1141552511415525;0.0;0.1141552511415525;0.0;0.0;0.0;0.0;0;0;0;0;0;1;0;0;0;0;1;1;1;1;1;1;0;0;0;0;0;0;1;1;0
2020-07-23T12:00:00;0.0;0.0;0.0;0.0;5.456968210637569e-13;0.0;0.0;0.0;0.0;-2.7284841053187846e-13;300.0;300.0;300.0;300.0;330.0;330.0;0.0;0.0;0.0;0.0;0.0;0.0;3356.163078930202;0.0;0.0;0.0;0.0;4685;9901;5216;-0.0;0.0;4.237629119963287e6;5.868827774678853e6;4166.666666666667;12067.685517820264;2083.3333333333335;2083.3333333333335;8333.333333333334;0.0;5843.765210342047;0.0;4.237629119963287e6;5.868827774678853e6;4166.666666666666;0.1141552511415525;0.0;0.1141552511415525;0.0;0.0;0.0;0.0;0;0;0;0;0;1;0;0;0;0;1;1;1;1;1;1;0;0;0;0;0;0;1;1;0
2020-07-23T13:00:00;-2.7284841053187846e-13;0.0;0.0;0.0;0.0;0.0;0.0;-2.7284841053187846e-13;0.0;0.0;300.0;666.163078930203;810.0;810.0;1170.0;1170.0;0.0;0.0;0.0;0.0;0.0;0.0;0.0;0.0;0.0;0.0;0.0;4787;9713;4926;-0.0;0.0;4.24596245329662e6;5.874671539889195e6;4166.666666666667;12067.685517820262;2083.3333333333335;2083.3333333333335;8333.333333333334;0.0;5843.765210342047;0.0;4.24596245329662e6;5.874671539889195e6;4166.666666666666;0.1141552511415525;0.0;0.1141552511415525;0.0;0.0;0.0;0.0;0;0;0;0;0;1;0;0;0;0;1;1;1;1;1;1;0;0;0;0;0;0;1;1;0
2020-07-23T14:00:00;0.0;0.0;0.0;0.0;5.456968210637569e-13;0.0;0.0;0.0;0.0;-2.7284841053187846e-13;333.1630789302023;810.0;810.0;810.0;1170.0;1170.0;0.0;0.0;0.0;0.0;0.0;0.0;0.0;0.0;0.0;0.0;0.0;4525;9628;5103;-0.0;0.0;4.254295786629954e6;5.880515305099538e6;4166.666666666667;12067.685517820264;2083.3333333333335;2083.3333333333335;8333.333333333334;0.0;5843.765210342047;0.0;4.254295786629954e6;5.880515305099538e6;4166.666666666666;0.1141552511415525;0.0;0.1141552511415525;0.0;0.0;0.0;0.0;0;0;0;0;0;1;0;0;0;0;1;1;1;1;1;1;0;0;0;0;0;0;1;1;0
2020-07-23T15:00:00;0.0;0.0;0.0;1.8189894035458566e-13;0.0;0.0;0.0;0.0;-2.7284841053187846e-13;0.0;563.1630789302023;810.0;810.0;810.0;1170.0;1170.0;0.0;0.0;0.0;0.0;0.0;0.0;0.0;0.0;0.0;0.0;0.0;4000;9333;5333;-0.0;0.0;4.262629119963287e6;5.886359070309879e6;4166.666666666667;12067.685517820264;2083.3333333333335;2083.3333333333335;8333.333333333334;0.0;5843.765210342048;0.0;4.262629119963287e6;5.886359070309879e6;4166.666666666667;0.1141552511415525;0.0;0.1141552511415525;0.0;0.0;0.0;0.0;0;0;0;0;0;1;0;0;0;0;1;1;1;1;1;1;0;0;0;0;0;0;1;1;0
2020-07-23T16:00:00;0.0;0.0;0.0;0.0;1.8189894035458566e-13;0.0;-2.7284841053187846e-13;0.0;0.0;0.0;656.1630789302023;810.0;810.0;810.0;1170.0;1170.0;0.0;0.0;0.0;0.0;0.0;0.0;0.0;0.0;0.0;0.0;0.0;3648;9074;5426;-0.0;0.0;4.270962453296621e6;5.892202835520221e6;4166.666666666667;12067.685517820264;2083.3333333333335;2083.3333333333335;8333.333333333334;0.0;5843.765210342048;0.0;4.270962453296621e6;5.892202835520221e6;4166.666666666667;0.1141552511415525;0.0;0.1141552511415525;0.0;0.0;0.0;0.0;0;0;0;0;0;1;0;0;0;0;1;1;1;1;1;1;0;0;0;0;0;0;1;1;0
2020-07-23T17:00:00;0.0;0.0;0.0;0.0;5.456968210637569e-13;0.0;0.0;0.0;0.0;-2.7284841053187846e-13;747.1630789302023;810.0;810.0;810.0;1170.0;1170.0;0.0;0.0;0.0;0.0;0.0;0.0;0.0;0.0;0.0;0.0;0.0;3413;8930;5517;-0.0;0.0;4.279295786629954e6;5.8980466007305635e6;4166.666666666667;12067.685517820264;2083.3333333333335;2083.3333333333335;8333.333333333334;0.0;5843.765210342047;0.0;4.279295786629954e6;5.8980466007305635e6;4166.666666666666;0.1141552511415525;0.0;0.1141552511415525;0.0;0.0;0.0;0.0;0;0;0;0;0;1;0;0;0;0;1;1;1;1;1;1;0;0;0;0;0;0;1;1;0
2020-07-23T18:00:00;0.0;0.0;0.0;0.0;1.8189894035458566e-13;0.0;0.0;-2.7284841053187846e-13;0.0;0.0;300.0;307.1630789302032;810.0;810.0;1170.0;1170.0;0.0;0.0;0.0;0.0;0.0;0.0;0.0;0.0;0.0;0.0;0.0;4431;8998;4567;-0.0;0.0;4.287629119963287e6;5.903890365940905e6;4166.666666666667;12067.685517820264;2083.3333333333335;2083.3333333333335;8333.333333333334;0.0;5843.765210342048;0.0;4.287629119963287e6;5.903890365940905e6;4166.666666666667;0.1141552511415525;0.0;0.1141552511415525;0.0;0.0;0.0;0.0;0;0;0;0;0;1;0;0;0;0;1;1;1;1;1;1;0;0;0;0;0;0;1;1;0
2020-07-23T19:00:00;0.0;0.0;0.0;0.0;5.456968210637569e-13;0.0;0.0;0.0;0.0;-2.7284841053187846e-13;300.0;300.0;300.0;300.0;330.0;330.0;0.0;0.0;0.0;0.0;0.0;0.0;3994.163078930203;0.0;0.0;0.0;0.0;2973;8827;5854;-0.0;0.0;4.29596245329662e6;5.909734131151248e6;4166.666666666667;12067.685517820264;2083.3333333333335;2083.3333333333335;8333.333333333334;0.0;5843.765210342047;0.0;4.29596245329662e6;5.909734131151248e6;4166.666666666666;0.1141552511415525;0.0;0.1141552511415525;0.0;0.0;0.0;0.0;0;0;0;0;0;1;0;0;0;0;1;1;1;1;1;1;0;0;0;0;0;0;1;1;0
2020-07-23T20:00:00;0.0;0.0;0.0;0.0;1.8189894035458566e-13;0.0;0.0;-2.7284841053187846e-13;0.0;0.0;730.1630789302023;810.0;810.0;810.0;1170.0;1170.0;0.0;0.0;0.0;0.0;0.0;0.0;0.0;0.0;0.0;0.0;0.0;2843;8343;5500;-0.0;0.0;4.304295786629953e6;5.915577896361589e6;4166.666666666667;12067.685517820264;2083.3333333333335;2083.3333333333335;8333.333333333334;0.0;5843.765210342048;0.0;4.304295786629953e6;5.915577896361589e6;4166.666666666667;0.1141552511415525;0.0;0.1141552511415525;0.0;0.0;0.0;0.0;0;0;0;0;0;1;0;0;0;0;1;1;1;1;1;1;0;0;0;0;0;0;1;1;0
2020-07-23T21:00:00;0.0;0.0;0.0;0.0;5.456968210637569e-13;0.0;0.0;0.0;0.0;-2.7284841053187846e-13;584.1630789302023;810.0;810.0;810.0;1170.0;1170.0;0.0;0.0;0.0;0.0;0.0;0.0;0.0;0.0;0.0;0.0;0.0;2720;8074;5354;-0.0;0.0;4.312629119963287e6;5.921421661571932e6;4166.666666666667;12067.685517820264;2083.3333333333335;2083.3333333333335;8333.333333333334;0.0;5843.765210342047;0.0;4.312629119963287e6;5.921421661571932e6;4166.666666666666;0.1141552511415525;0.0;0.1141552511415525;0.0;0.0;0.0;0.0;0;0;0;0;0;1;0;0;0;0;1;1;1;1;1;1;0;0;0;0;0;0;1;1;0
2020-07-23T22:00:00;-2.7284841053187846e-13;0.0;0.0;0.0;0.0;0.0;0.0;-2.7284841053187846e-13;0.0;0.0;810.0;810.0;810.0;810.0;1170.0;1170.0;0.0;0.0;0.0;0.0;0.0;0.0;87.16307893020303;0.0;0.0;0.0;0.0;2844;8511;5667;-0.0;0.0;4.32096245329662e6;5.927265426782274e6;4166.666666666667;12067.685517820262;2083.3333333333335;2083.3333333333335;8333.333333333334;0.0;5843.765210342047;0.0;4.32096245329662e6;5.927265426782274e6;4166.666666666666;0.1141552511415525;0.0;0.1141552511415525;0.0;0.0;0.0;0.0;0;0;0;0;0;1;0;0;0;0;1;1;1;1;1;1;0;0;0;0;0;0;1;1;0
2020-07-23T23:00:00;0.0;0.0;0.0;0.0;5.456968210637569e-13;0.0;0.0;0.0;0.0;-2.7284841053187846e-13;810.0;810.0;810.0;810.0;1170.0;1170.0;0.0;0.0;0.0;0.0;0.0;0.0;266.1630789302023;0.0;0.0;0.0;0.0;2680;8526;5846;-0.0;0.0;4.329295786629954e6;5.933109191992616e6;4166.666666666667;12067.685517820264;2083.3333333333335;2083.3333333333335;8333.333333333334;0.0;5843.765210342047;0.0;4.329295786629954e6;5.933109191992616e6;4166.666666666666;0.1141552511415525;0.0;0.1141552511415525;0.0;0.0;0.0;0.0;0;0;0;0;0;1;0;0;0;0;1;1;1;1;1;1;0;0;0;0;0;0;1;1;0
2020-07-24T00:00:00;0.0;0.0;0.0;0.0;0.0;0.0;0.0;0.0;0.0;0.0;300.0;300.0;300.0;525.1630789302022;1170.0;1170.0;0.0;0.0;0.0;0.0;0.0;0.0;0.0;0.0;0.0;0.0;0.0;4003;7768;3765;-0.0;0.0;4.337629119963287e6;5.938952957202958e6;4166.666666666667;4299.535913746046;2083.3333333333335;2083.3333333333335;536.4520531604066;0.0;5824.6107596095735;0.0;4.337629119963287e6;5.938952957202958e6;4166.666666666667;0.1141552511415525;0.0;0.1141552511415525;0.0;0.0;0.0;0.0;0;0;0;0;0;1;0;0;0;0;1;1;1;1;1;1;0;0;0;0;0;0;1;1;0
2020-07-24T01:00:00;0.0;0.0;0.0;0.0;0.0;0.0;0.0;0.0;0.0;0.0;300.0;399.1630789302026;810.0;810.0;1170.0;1170.0;0.0;0.0;0.0;0.0;0.0;0.0;0.0;0.0;0.0;0.0;0.0;2653;7312;4659;-0.0;0.0;4.338165572016448e6;5.944777567962567e6;4166.666666666667;0.0;2083.3333333333335;2083.3333333333335;0.0;3763.0838605856397;5824.6107596095735;0.0;4.338165572016448e6;5.944777567962567e6;4166.666666666667;0.1141552511415525;0.0;0.1141552511415525;0.0;0.0;0.0;0.0;0;0;0;0;0;1;0;0;0;0;1;1;1;1;1;1;0;0;0;0;0;0;1;1;0
2020-07-24T02:00:00;0.0;0.0;0.0;0.0;0.0;0.0;0.0;0.0;0.0;0.0;300.0;300.0;300.0;300.0;330.0;330.0;0.0;0.0;0.0;0.0;0.0;0.0;1513.163078930202;0.0;0.0;0.0;0.0;3580;6953;3373;-0.0;0.0;4.334402488155862e6;5.950602178722177e6;4166.666666666667;0.0;2083.3333333333335;2083.3333333333335;0.0;3763.0838605856397;5824.6107596095735;0.0;4.334402488155862e6;5.950602178722177e6;4166.666666666667;0.1141552511415525;0.0;0.1141552511415525;0.0;0.0;0.0;0.0;0;0;0;0;0;1;0;0;0;0;1;1;1;1;1;1;0;0;0;0;0;0;1;1;0
2020-07-24T03:00:00;0.0;0.0;0.0;0.0;0.0;0.0;0.0;0.0;0.0;0.0;300.0;300.0;300.0;300.0;1029.1630789302021;1170.0;0.0;0.0;0.0;0.0;0.0;0.0;0.0;0.0;0.0;0.0;0.0;3153;6552;3399;-0.0;0.0;4.330639404295277e6;5.956426789481786e6;4166.666666666667;0.0;2083.3333333333335;2083.3333333333335;0.0;3763.0838605856397;5824.6107596095735;0.0;4.330639404295277e6;5.956426789481786e6;4166.666666666667;0.1141552511415525;0.0;0.1141552511415525;0.0;0.0;0.0;0.0;0;0;0;0;0;1;0;0;0;0;1;1;1;1;1;1;0;0;0;0;0;0;1;1;0
2020-07-24T04:00:00;0.0;0.0;0.0;0.0;0.0;0.0;0.0;0.0;0.0;0.0;300.0;300.0;300.0;300.0;926.1630789302019;1170.0;0.0;0.0;0.0;0.0;0.0;0.0;0.0;0.0;0.0;0.0;0.0;3085;6381;3296;-0.0;0.0;4.326876320434691e6;5.962251400241395e6;4166.666666666667;0.0;2083.3333333333335;2083.3333333333335;0.0;3763.0838605856397;5824.6107596095735;0.0;4.326876320434691e6;5.962251400241395e6;4166.666666666667;0.1141552511415525;0.0;0.1141552511415525;0.0;0.0;0.0;0.0;0;0;0;0;0;1;0;0;0;0;1;1;1;1;1;1;0;0;0;0;0;0;1;1;0
2020-07-24T05:00:00;0.0;0.0;0.0;0.0;0.0;0.0;0.0;0.0;0.0;0.0;300.0;300.0;588.1630789302026;810.0;1170.0;1170.0;0.0;0.0;0.0;0.0;0.0;0.0;0.0;0.0;0.0;0.0;0.0;2108;6446;4338;-0.0;0.0;4.323113236574106e6;5.968076011001005e6;4166.666666666667;0.0;2083.3333333333335;2083.3333333333335;0.0;3763.0838605856397;5824.6107596095735;0.0;4.323113236574106e6;5.968076011001005e6;4166.666666666667;0.1141552511415525;0.0;0.1141552511415525;0.0;0.0;0.0;0.0;0;0;0;0;0;1;0;0;0;0;1;1;1;1;1;1;0;0;0;0;0;0;1;1;0
2020-07-24T06:00:00;0.0;0.0;0.0;0.0;0.0;0.0;0.0;0.0;0.0;0.0;300.0;300.0;804.1630789302023;810.0;1170.0;1170.0;0.0;0.0;0.0;0.0;0.0;0.0;0.0;0.0;0.0;0.0;0.0;1988;6542;4554;-0.0;0.0;4.3193501527135195e6;5.973900621760615e6;4166.666666666667;0.0;2083.3333333333335;2083.3333333333335;0.0;3763.0838605856397;5824.6107596095735;0.0;4.3193501527135195e6;5.973900621760615e6;4166.666666666667;0.1141552511415525;0.0;0.1141552511415525;0.0;0.0;0.0;0.0;0;0;0;0;0;1;0;0;0;0;1;1;1;1;1;1;0;0;0;0;0;0;1;1;0
2020-07-24T07:00:00;0.0;0.0;0.0;0.0;0.0;0.0;0.0;0.0;0.0;0.0;300.0;300.0;300.0;300.0;330.0;559.1630789302021;0.0;0.0;0.0;0.0;0.0;0.0;0.0;0.0;0.0;0.0;0.0;4750;6839;2089;-0.0;0.0;4.315587068852934e6;5.9797252325202245e6;4166.666666666667;0.0;2083.3333333333335;2083.3333333333335;0.0;3763.0838605856397;5824.6107596095735;0.0;4.315587068852934e6;5.9797252325202245e6;4166.666666666667;0.1141552511415525;0.0;0.1141552511415525;0.0;0.0;0.0;0.0;0;0;0;0;0;1;0;0;0;0;1;1;1;1;1;1;0;0;0;0;0;0;1;1;0
2020-07-24T08:00:00;0.0;0.0;0.0;0.0;0.0;0.0;0.0;0.0;0.0;0.0;300.0;300.0;300.0;300.0;330.0;1157.163078930202;0.0;0.0;0.0;0.0;0.0;0.0;0.0;0.0;0.0;0.0;0.0;4694;7381;2687;-0.0;0.0;4.311823984992349e6;5.985549843279834e6;4166.666666666667;0.0;2083.3333333333335;2083.3333333333335;0.0;3763.0838605856397;5824.6107596095735;0.0;4.311823984992349e6;5.985549843279834e6;4166.666666666667;0.1141552511415525;0.0;0.1141552511415525;0.0;0.0;0.0;0.0;0;0;0;0;0;1;0;0;0;0;1;1;1;1;1;1;0;0;0;0;0;0;1;1;0
2020-07-24T09:00:00;0.0;0.0;0.0;0.0;0.0;0.0;0.0;0.0;0.0;0.0;300.0;401.1630789302026;810.0;810.0;1170.0;1170.0;0.0;0.0;0.0;0.0;0.0;0.0;0.0;-0.0;0.0;0.0;0.0;3226;7887;4661;0.0;0.0;4.308060901131763e6;5.991374454039443e6;4166.666666666667;0.0;2083.3333333333335;2083.3333333333335;0.0;3763.0838605856397;5824.6107596095735;0.0;4.308060901131763e6;5.991374454039443e6;4166.666666666667;0.1141552511415525;0.0;0.1141552511415525;0.0;0.0;0.0;0.0;0;0;0;0;0;1;0;0;0;0;1;1;1;1;1;1;0;0;0;0;0;0;1;1;0
2020-07-24T10:00:00;0.0;0.0;0.0;0.0;0.0;0.0;0.0;0.0;0.0;0.0;300.0;686.1630789302026;810.0;810.0;1170.0;1170.0;0.0;0.0;0.0;0.0;0.0;0.0;0.0;0.0;0.0;0.0;0.0;3178;8124;4946;0.0;0.0;4.304297817271178e6;5.997199064799054e6;4166.666666666667;0.0;2083.3333333333335;2083.3333333333335;0.0;3763.0838605856397;5824.6107596095735;0.0;4.304297817271178e6;5.997199064799054e6;4166.666666666667;0.1141552511415525;0.0;0.1141552511415525;0.0;0.0;0.0;0.0;0;0;0;0;0;1;0;0;0;0;1;1;1;1;1;1;0;0;0;0;0;0;1;1;0
2020-07-24T11:00:00;0.0;0.0;0.0;0.0;0.0;0.0;0.0;0.0;0.0;0.0;810.0;810.0;0.0;810.0;1170.0;1170.0;0.0;0.0;0.0;0.0;0.0;0.0;328.16307893020286;0.0;0.0;0.0;0.0;3214;8312;5098;-0.0;0.0;4.300534733410592e6;6.003023675558663e6;4166.666666666667;0.0;2083.3333333333335;2083.3333333333335;0.0;3763.0838605856397;5824.6107596095735;0.0;4.300534733410592e6;6.003023675558663e6;4166.666666666667;0.1141552511415525;0.0;0.1141552511415525;0.0;0.0;0.0;0.0;0;0;0;0;0;1;0;0;0;0;1;1;0;1;1;1;0;0;0;0;0;0;1;1;0
2020-07-24T12:00:00;0.0;0.0;0.0;0.0;0.0;0.0;0.0;0.0;0.0;0.0;810.0;810.0;0.0;810.0;1170.0;1170.0;0.0;0.0;0.0;0.0;0.0;0.0;620.1630789302035;0.0;0.0;0.0;0.0;3159;8549;5390;-0.0;0.0;4.296771649550006e6;6.008848286318272e6;4166.666666666667;0.0;2083.3333333333335;2083.3333333333335;0.0;3763.0838605856397;5824.6107596095735;0.0;4.296771649550006e6;6.008848286318272e6;4166.666666666667;0.1141552511415525;0.0;0.1141552511415525;0.0;0.0;0.0;0.0;0;0;0;0;0;1;0;0;0;0;1;1;0;1;1;1;0;0;0;0;0;0;1;1;0
2020-07-24T13:00:00;0.0;0.0;0.0;0.0;0.0;0.0;0.0;0.0;0.0;0.0;300.0;300.0;0.0;300.0;489.16307893020195;1170.0;0.0;0.0;0.0;0.0;0.0;0.0;0.0;0.0;0.0;0.0;0.0;5680;8239;2559;-0.0;0.0;4.29300856568942e6;6.014672897077882e6;4166.666666666667;0.0;2083.3333333333335;2083.3333333333335;0.0;3763.0838605856397;5824.6107596095735;0.0;4.29300856568942e6;6.014672897077882e6;4166.666666666667;0.1141552511415525;0.0;0.1141552511415525;0.0;0.0;0.0;0.0;0;0;0;0;0;1;0;0;0;0;1;1;0;1;1;1;0;0;0;0;0;0;1;1;0
2020-07-24T14:00:00;0.0;0.0;0.0;0.0;0.0;0.0;0.0;0.0;0.0;0.0;300.0;300.0;0.0;300.0;612.1630789302021;1170.0;0.0;0.0;0.0;0.0;0.0;0.0;0.0;0.0;0.0;0.0;0.0;5322;8004;2682;-0.0;0.0;4.289245481828835e6;6.020497507837491e6;4166.666666666667;0.0;2083.3333333333335;2083.3333333333335;0.0;3763.0838605856397;5824.6107596095735;0.0;4.289245481828835e6;6.020497507837491e6;4166.666666666667;0.1141552511415525;0.0;0.1141552511415525;0.0;0.0;0.0;0.0;0;0;0;0;0;1;0;0;0;0;1;1;0;1;1;1;0;0;0;0;0;0;1;1;0
2020-07-24T15:00:00;0.0;0.0;0.0;0.0;0.0;0.0;0.0;0.0;0.0;0.0;810.0;810.0;0.0;810.0;1170.0;1170.0;0.0;0.0;0.0;0.0;0.0;0.0;282.1630789302024;0.0;0.0;0.0;0.0;2665;7717;5052;-0.0;0.0;4.285482397968248e6;6.026322118597101e6;4166.666666666667;0.0;2083.3333333333335;2083.3333333333335;0.0;3763.0838605856397;5824.6107596095735;0.0;4.285482397968248e6;6.026322118597101e6;4166.666666666667;0.1141552511415525;0.0;0.1141552511415525;0.0;0.0;0.0;0.0;0;0;0;0;0;1;0;0;0;0;1;1;0;1;1;1;0;0;0;0;0;0;1;1;0
2020-07-24T16:00:00;0.0;0.0;0.0;0.0;0.0;0.0;0.0;0.0;0.0;0.0;300.0;300.0;0.0;300.0;610.1630789302021;1170.0;0.0;0.0;0.0;0.0;0.0;0.0;0.0;0.0;0.0;0.0;0.0;4820;7500;2680;-0.0;0.0;4.281719314107663e6;6.032146729356711e6;4166.666666666667;0.0;2083.3333333333335;2083.3333333333335;0.0;3763.0838605856397;5824.6107596095735;0.0;4.281719314107663e6;6.032146729356711e6;4166.666666666667;0.1141552511415525;0.0;0.1141552511415525;0.0;0.0;0.0;0.0;0;0;0;0;0;1;0;0;0;0;1;1;0;1;1;1;0;0;0;0;0;0;1;1;0
2020-07-24T17:00:00;0.0;0.0;0.0;0.0;0.0;0.0;0.0;0.0;0.0;0.0;810.0;810.0;0.0;810.0;1170.0;1170.0;0.0;0.0;0.0;0.0;0.0;0.0;272.1630789302024;0.0;0.0;0.0;0.0;2386;7428;5042;-0.0;0.0;4.2779562302470775e6;6.03797134011632e6;4166.666666666667;0.0;2083.3333333333335;2083.3333333333335;0.0;3763.0838605856397;5824.6107596095735;0.0;4.2779562302470775e6;6.03797134011632e6;4166.666666666667;0.1141552511415525;0.0;0.1141552511415525;0.0;0.0;0.0;0.0;0;0;0;0;0;1;0;0;0;0;1;1;0;1;1;1;0;0;0;0;0;0;1;1;0
2020-07-24T18:00:00;0.0;0.0;0.0;0.0;0.0;0.0;0.0;0.0;0.0;0.0;436.1630789302026;810.0;0.0;810.0;1170.0;1170.0;0.0;0.0;0.0;0.0;0.0;0.0;0.0;-0.0;0.0;0.0;0.0;3215;7611;4396;-0.0;0.0;4.274193146386492e6;6.04379595087593e6;4166.666666666667;0.0;2083.3333333333335;2083.3333333333335;0.0;3763.0838605856397;5824.6107596095735;0.0;4.274193146386492e6;6.04379595087593e6;4166.666666666667;0.1141552511415525;0.0;0.1141552511415525;0.0;0.0;0.0;0.0;0;0;0;0;0;1;0;0;0;0;1;1;0;1;1;1;0;0;0;0;0;0;1;1;0
2020-07-24T19:00:00;0.0;0.0;0.0;0.0;0.0;0.0;0.0;0.0;0.0;0.0;620.1630789302026;810.0;0.0;810.0;1170.0;1170.0;0.0;0.0;0.0;0.0;0.0;0.0;0.0;0.0;0.0;0.0;0.0;3021;7601;4580;-0.0;0.0;4.270430062525907e6;6.04962056163554e6;4166.666666666667;0.0;2083.3333333333335;2083.3333333333335;0.0;3763.0838605856397;5824.6107596095735;0.0;4.270430062525907e6;6.04962056163554e6;4166.666666666667;0.1141552511415525;0.0;0.1141552511415525;0.0;0.0;0.0;0.0;0;0;0;0;0;1;0;0;0;0;1;1;0;1;1;1;0;0;0;0;0;0;1;1;0
2020-07-24T20:00:00;0.0;0.0;0.0;0.0;0.0;0.0;0.0;0.0;0.0;0.0;300.0;300.0;0.0;300.0;941.1630789302019;1170.0;0.0;0.0;0.0;0.0;0.0;0.0;0.0;0.0;0.0;0.0;0.0;4285;7296;3011;-0.0;0.0;4.266666978665321e6;6.055445172395149e6;4166.666666666667;0.0;2083.3333333333335;2083.3333333333335;0.0;3763.0838605856397;5824.6107596095735;0.0;4.266666978665321e6;6.055445172395149e6;4166.666666666667;0.1141552511415525;0.0;0.1141552511415525;0.0;0.0;0.0;0.0;0;0;0;0;0;1;0;0;0;0;1;1;0;1;1;1;0;0;0;0;0;0;1;1;0
2020-07-24T21:00:00;0.0;0.0;0.0;0.0;0.0;0.0;0.0;0.0;0.0;0.0;810.0;810.0;0.0;810.0;0.0;1170.0;0.0;0.0;0.0;0.0;0.0;0.0;2017.1630789302035;0.0;0.0;0.0;0.0;1595;7212;5617;-0.0;0.0;4.262903894804735e6;6.061269783154759e6;4166.666666666667;0.0;2083.3333333333335;2083.3333333333335;0.0;3763.0838605856397;5824.6107596095735;0.0;4.262903894804735e6;6.061269783154759e6;4166.666666666667;0.1141552511415525;0.0;0.1141552511415525;0.0;0.0;0.0;0.0;0;0;0;0;0;1;0;0;0;0;1;1;0;1;0;1;0;0;0;0;0;0;1;1;0
2020-07-24T22:00:00;0.0;0.0;0.0;0.0;0.0;0.0;0.0;0.0;0.0;0.0;810.0;810.0;0.0;810.0;0.0;1170.0;0.0;0.0;0.0;0.0;0.0;0.0;2385.163078930203;0.0;0.0;0.0;0.0;1784;7769;5985;-0.0;0.0;4.259140810944149e6;6.067094393914368e6;4166.666666666667;0.0;2083.3333333333335;2083.3333333333335;0.0;3763.0838605856397;5824.6107596095735;0.0;4.259140810944149e6;6.067094393914368e6;4166.666666666667;0.1141552511415525;0.0;0.1141552511415525;0.0;0.0;0.0;0.0;0;0;0;0;0;1;0;0;0;0;1;1;0;1;0;1;0;0;0;0;0;0;1;1;0
2020-07-24T23:00:00;0.0;0.0;0.0;0.0;0.0;0.0;0.0;0.0;0.0;0.0;788.1630789302021;810.0;0.0;810.0;0.0;1170.0;0.0;0.0;0.0;0.0;0.0;0.0;0.0;0.0;0.0;0.0;0.0;4336;7914;3578;-0.0;0.0;4.255377727083564e6;6.072919004673977e6;4166.666666666667;0.0;2083.3333333333335;2083.3333333333335;0.0;3763.0838605856397;5824.6107596095735;0.0;4.255377727083564e6;6.072919004673977e6;4166.666666666667;0.1141552511415525;0.0;0.1141552511415525;0.0;0.0;0.0;0.0;0;0;0;0;0;1;0;0;0;0;1;1;0;1;0;1;0;0;0;0;0;0;1;1;0
2020-07-25T00:00:00;0.0;0.0;0.0;0.0;-1.8189894035458566e-13;0.0;0.0;0.0;0.0;2.7284841053187846e-13;300.0;605.1630789302017;0.0;810.0;0.0;1170.0;0.0;0.0;0.0;0.0;0.0;0.0;0.0;0.0;0.0;0.0;0.0;4405;7290;2885;0.0;0.0;4.251614643222977e6;6.078743615433588e6;4166.666666666667;0.0;2083.3333333333335;2083.3333333333335;0.0;3802.7264171025527;5798.182388598298;0.0;4.251614643222977e6;6.078743615433588e6;4166.666666666667;0.1141552511415525;0.0;0.1141552511415525;0.0;0.0;0.0;0.0;0;0;0;0;0;1;0;0;0;0;1;1;0;1;0;1;0;0;0;0;0;0;1;1;0
2020-07-25T01:00:00;0.0;0.0;0.0;0.0;0.0;0.0;0.0;2.7284841053187846e-13;0.0;0.0;810.0;810.0;0.0;810.0;0.0;1170.0;0.0;0.0;0.0;0.0;0.0;0.0;1695.163078930203;0.0;-0.0;0.0;0.0;1576;6871;5295;-0.0;0.0;4.247811916805875e6;6.084541797822186e6;4166.666666666667;0.0;2083.3333333333335;2083.3333333333335;0.0;3802.726417102553;5798.182388598298;0.0;4.247811916805875e6;6.084541797822186e6;4166.666666666667;0.1141552511415525;0.0;0.1141552511415525;0.0;0.0;0.0;0.0;0;0;0;0;0;1;0;0;0;0;1;1;0;1;0;1;0;0;0;0;0;0;1;1;0
2020-07-25T02:00:00;0.0;0.0;0.0;0.0;-1.8189894035458566e-13;0.0;0.0;0.0;0.0;2.7284841053187846e-13;300.0;330.1630789302017;0.0;810.0;0.0;1170.0;0.0;0.0;0.0;0.0;0.0;0.0;0.0;0.0;0.0;0.0;0.0;3906;6516;2610;-0.0;0.0;4.244009190388773e6;6.090339980210784e6;4166.666666666667;0.0;2083.3333333333335;2083.3333333333335;0.0;3802.7264171025527;5798.182388598298;0.0;4.244009190388773e6;6.090339980210784e6;4166.666666666667;0.1141552511415525;0.0;0.1141552511415525;0.0;0.0;0.0;0.0;0;0;0;0;0;1;0;0;0;0;1;1;0;1;0;1;0;0;0;0;0;0;1;1;0
2020-07-25T03:00:00;0.0;0.0;0.0;1.8189894035458566e-13;0.0;0.0;0.0;0.0;2.7284841053187846e-13;0.0;810.0;810.0;0.0;810.0;0.0;1170.0;0.0;0.0;0.0;0.0;0.0;0.0;778.1630789302025;0.0;-0.0;0.0;0.0;1724;6102;4378;0.0;0.0;4.24020646397167e6;6.096138162599382e6;4166.666666666667;0.0;2083.3333333333335;2083.3333333333335;0.0;3802.7264171025536;5798.182388598298;0.0;4.24020646397167e6;6.096138162599382e6;4166.666666666667;0.1141552511415525;0.0;0.1141552511415525;0.0;0.0;0.0;0.0;0;0;0;0;0;1;0;0;0;0;1;1;0;1;0;1;0;0;0;0;0;0;1;1;0
2020-07-25T04:00:00;0.0;0.0;0.0;0.0;1.8189894035458566e-13;0.0;2.7284841053187846e-13;0.0;0.0;0.0;810.0;810.0;0.0;810.0;0.0;1170.0;0.0;0.0;0.0;0.0;0.0;0.0;522.1630789302022;0.0;0.0;0.0;0.0;1777;5899;4122;-0.0;0.0;4.236403737554568e6;6.101936344987981e6;4166.666666666667;0.0;2083.3333333333335;2083.3333333333335;0.0;3802.7264171025536;5798.182388598298;0.0;4.236403737554568e6;6.101936344987981e6;4166.666666666667;0.1141552511415525;0.0;0.1141552511415525;0.0;0.0;0.0;0.0;0;0;0;0;0;1;0;0;0;0;1;1;0;1;0;1;0;0;0;0;0;0;1;1;0
2020-07-25T05:00:00;0.0;0.0;0.0;0.0;-1.8189894035458566e-13;0.0;0.0;0.0;0.0;2.7284841053187846e-13;810.0;810.0;0.0;810.0;0.0;1170.0;0.0;0.0;0.0;0.0;0.0;0.0;537.1630789302026;0.0;0.0;0.0;0.0;1710;5847;4137;-0.0;0.0;4.232601011137465e6;6.107734527376579e6;4166.666666666667;0.0;2083.3333333333335;2083.3333333333335;0.0;3802.7264171025527;5798.182388598298;0.0;4.232601011137465e6;6.107734527376579e6;4166.666666666667;0.1141552511415525;0.0;0.1141552511415525;0.0;0.0;0.0;0.0;0;0;0;0;0;1;0;0;0;0;1;1;0;1;0;1;0;0;0;0;0;0;1;1;0
2020-07-25T06:00:00;0.0;0.0;0.0;0.0;1.8189894035458566e-13;0.0;0.0;2.7284841053187846e-13;0.0;0.0;300.0;300.0;0.0;0.0;0.0;374.1630789302016;0.0;0.0;0.0;0.0;0.0;0.0;0.0;0.0;0.0;0.0;0.0;4814;5788;974;-0.0;0.0;4.228798284720362e6;6.113532709765177e6;4166.666666666667;0.0;2083.3333333333335;2083.3333333333335;0.0;3802.7264171025536;5798.182388598298;0.0;4.228798284720362e6;6.113532709765177e6;4166.666666666667;0.1141552511415525;0.0;0.1141552511415525;0.0;0.0;0.0;0.0;0;0;0;0;0;1;0;0;0;0;1;1;0;0;0;1;0;0;0;0;0;0;1;1;0
2020-07-25T07:00:00;0.0;0.0;0.0;0.0;-1.8189894035458566e-13;0.0;0.0;0.0;0.0;2.7284841053187846e-13;774.1630789302017;810.0;0.0;0.0;0.0;1170.0;0.0;0.0;0.0;0.0;0.0;0.0;0.0;0.0;0.0;0.0;0.0;3177;5931;2754;-0.0;0.0;4.224995558303259e6;6.119330892153775e6;4166.666666666667;0.0;2083.3333333333335;2083.3333333333335;0.0;3802.7264171025527;5798.182388598298;0.0;4.224995558303259e6;6.119330892153775e6;4166.666666666667;0.1141552511415525;0.0;0.1141552511415525;0.0;0.0;0.0;0.0;0;0;0;0;0;1;0;0;0;0;1;1;0;0;0;1;0;0;0;0;0;0;1;1;0
2020-07-25T08:00:00;0.0;0.0;0.0;0.0;1.8189894035458566e-13;0.0;2.7284841053187846e-13;0.0;0.0;0.0;810.0;810.0;0.0;0.0;0.0;1170.0;0.0;0.0;0.0;0.0;0.0;0.0;140.1630789302018;0.0;-0.0;0.0;0.0;3442;6372;2930;0.0;0.0;4.221192831886156e6;6.125129074542373e6;4166.666666666667;0.0;2083.3333333333335;2083.3333333333335;0.0;3802.7264171025536;5798.182388598298;0.0;4.221192831886156e6;6.125129074542373e6;4166.666666666667;0.1141552511415525;0.0;0.1141552511415525;0.0;0.0;0.0;0.0;0;0;0;0;0;1;0;0;0;0;1;1;0;0;0;1;0;0;0;0;0;0;1;1;0
2020-07-25T09:00:00;0.0;0.0;0.0;0.0;-1.8189894035458566e-13;0.0;0.0;0.0;0.0;2.7284841053187846e-13;810.0;810.0;0.0;0.0;0.0;1170.0;0.0;0.0;0.0;0.0;0.0;0.0;589.1630789302021;0.0;0.0;0.0;0.0;3480;6859;3379;0.0;0.0;4.217390105469055e6;6.130927256930972e6;4166.666666666667;0.0;2083.3333333333335;2083.3333333333335;0.0;3802.7264171025527;5798.182388598298;0.0;4.217390105469055e6;6.130927256930972e6;4166.666666666667;0.1141552511415525;0.0;0.1141552511415525;0.0;0.0;0.0;0.0;0;0;0;0;0;1;0;0;0;0;1;1;0;0;0;1;0;0;0;0;0;0;1;1;0
2020-07-25T10:00:00;0.0;0.0;0.0;0.0;0.0;0.0;0.0;2.7284841053187846e-13;0.0;0.0;810.0;810.0;0.0;0.0;0.0;1170.0;0.0;0.0;0.0;0.0;0.0;0.0;944.163078930202;0.0;-0.0;0.0;0.0;3453;7187;3734;-0.0;0.0;4.213587379051952e6;6.136725439319571e6;4166.666666666667;0.0;2083.3333333333335;2083.3333333333335;0.0;3802.726417102553;5798.182388598298;0.0;4.213587379051952e6;6.136725439319571e6;4166.666666666667;0.1141552511415525;0.0;0.1141552511415525;0.0;0.0;0.0;0.0;0;0;0;0;0;1;0;0;0;0;1;1;0;0;0;1;0;0;0;0;0;0;1;1;0
2020-07-25T11:00:00;0.0;0.0;0.0;0.0;-1.8189894035458566e-13;0.0;0.0;0.0;0.0;2.7284841053187846e-13;495.1630789302022;810.0;810.0;0.0;0.0;1170.0;0.0;0.0;0.0;0.0;0.0;0.0;0.0;0.0;0.0;0.0;0.0;4164;7449;3285;-0.0;0.0;4.20978465263485e6;6.142523621708169e6;4166.666666666667;0.0;2083.3333333333335;2083.3333333333335;0.0;3802.7264171025527;5798.182388598298;0.0;4.20978465263485e6;6.142523621708169e6;4166.666666666667;0.1141552511415525;0.0;0.1141552511415525;0.0;0.0;0.0;0.0;0;0;0;0;0;1;0;0;0;0;1;1;1;0;0;1;0;0;0;0;0;0;1;1;0
2020-07-25T12:00:00;0.0;0.0;0.0;1.8189894035458566e-13;0.0;0.0;0.0;0.0;2.7284841053187846e-13;0.0;300.0;300.0;300.0;0.0;0.0;738.1630789302016;0.0;0.0;0.0;0.0;0.0;0.0;0.0;0.0;0.0;0.0;0.0;6149;7787;1638;-0.0;0.0;4.205981926217747e6;6.148321804096767e6;4166.666666666667;0.0;2083.3333333333335;2083.3333333333335;0.0;3802.7264171025536;5798.182388598298;0.0;4.205981926217747e6;6.148321804096767e6;4166.666666666667;0.1141552511415525;0.0;0.1141552511415525;0.0;0.0;0.0;0.0;0;0;0;0;0;1;0;0;0;0;1;1;1;0;0;1;0;0;0;0;0;0;1;1;0
2020-07-25T13:00:00;0.0;0.0;0.0;0.0;1.8189894035458566e-13;0.0;2.7284841053187846e-13;0.0;0.0;0.0;810.0;810.0;810.0;0.0;0.0;1170.0;0.0;0.0;0.0;0.0;0.0;0.0;749.1630789302025;0.0;-0.0;0.0;0.0;3067;7416;4349;0.0;0.0;4.202179199800645e6;6.154119986485366e6;4166.666666666667;0.0;2083.3333333333335;2083.3333333333335;0.0;3802.7264171025536;5798.182388598298;0.0;4.202179199800645e6;6.154119986485366e6;4166.666666666667;0.1141552511415525;0.0;0.1141552511415525;0.0;0.0;0.0;0.0;0;0;0;0;0;1;0;0;0;0;1;1;1;0;0;1;0;0;0;0;0;0;1;1;0
2020-07-25T14:00:00;0.0;0.0;0.0;0.0;-1.8189894035458566e-13;0.0;0.0;0.0;0.0;2.7284841053187846e-13;300.0;300.0;300.0;0.0;0.0;629.1630789302021;0.0;0.0;0.0;0.0;0.0;0.0;0.0;0.0;0.0;0.0;0.0;5561;7090;1529;0.0;0.0;4.198376473383542e6;6.159918168873964e6;4166.666666666667;0.0;2083.3333333333335;2083.3333333333335;0.0;3802.7264171025527;5798.182388598298;0.0;4.198376473383542e6;6.159918168873964e6;4166.666666666667;0.1141552511415525;0.0;0.1141552511415525;0.0;0.0;0.0;0.0;0;0;0;0;0;1;0;0;0;0;1;1;1;0;0;1;0;0;0;0;0;0;1;1;0
2020-07-25T15:00:00;0.0;0.0;0.0;0.0;1.8189894035458566e-13;0.0;0.0;2.7284841053187846e-13;0.0;0.0;810.0;810.0;810.0;0.0;0.0;1170.0;0.0;0.0;0.0;0.0;0.0;0.0;728.1630789302025;0.0;0.0;0.0;0.0;2467;6795;4328;-0.0;0.0;4.194573746966439e6;6.165716351262562e6;4166.666666666667;0.0;2083.3333333333335;2083.3333333333335;0.0;3802.7264171025536;5798.182388598298;0.0;4.194573746966439e6;6.165716351262562e6;4166.666666666667;0.1141552511415525;0.0;0.1141552511415525;0.0;0.0;0.0;0.0;0;0;0;0;0;1;0;0;0;0;1;1;1;0;0;1;0;0;0;0;0;0;1;1;0
2020-07-25T16:00:00;0.0;0.0;0.0;0.0;-1.8189894035458566e-13;0.0;0.0;0.0;0.0;2.7284841053187846e-13;300.0;300.0;300.0;0.0;0.0;645.1630789302021;0.0;0.0;0.0;0.0;0.0;0.0;0.0;0.0;0.0;0.0;0.0;5085;6630;1545;-0.0;0.0;4.190771020549337e6;6.17151453365116e6;4166.666666666667;0.0;2083.3333333333335;2083.3333333333335;0.0;3802.7264171025527;5798.182388598298;0.0;4.190771020549337e6;6.17151453365116e6;4166.666666666667;0.1141552511415525;0.0;0.1141552511415525;0.0;0.0;0.0;0.0;0;0;0;0;0;1;0;0;0;0;1;1;1;0;0;1;0;0;0;0;0;0;1;1;0
2020-07-25T17:00:00;0.0;0.0;0.0;0.0;1.8189894035458566e-13;0.0;2.7284841053187846e-13;0.0;0.0;0.0;810.0;810.0;810.0;0.0;0.0;1170.0;0.0;0.0;0.0;0.0;0.0;0.0;429.16307893020183;0.0;0.0;0.0;0.0;2604;6633;4029;-0.0;0.0;4.1869682941322345e6;6.177312716039758e6;4166.666666666667;0.0;2083.3333333333335;2083.3333333333335;0.0;3802.7264171025536;5798.182388598298;0.0;4.1869682941322345e6;6.177312716039758e6;4166.666666666667;0.1141552511415525;0.0;0.1141552511415525;0.0;0.0;0.0;0.0;0;0;0;0;0;1;0;0;0;0;1;1;1;0;0;1;0;0;0;0;0;0;1;1;0
2020-07-25T18:00:00;0.0;0.0;0.0;0.0;-1.8189894035458566e-13;0.0;0.0;0.0;0.0;2.7284841053187846e-13;663.1630789302021;810.0;810.0;0.0;0.0;1170.0;0.0;0.0;0.0;0.0;0.0;0.0;0.0;0.0;0.0;0.0;0.0;3463;6916;3453;-0.0;0.0;4.183165567715132e6;6.183110898428357e6;4166.666666666667;0.0;2083.3333333333335;2083.3333333333335;0.0;3802.7264171025527;5798.182388598298;0.0;4.183165567715132e6;6.183110898428357e6;4166.666666666667;0.1141552511415525;0.0;0.1141552511415525;0.0;0.0;0.0;0.0;0;0;0;0;0;1;0;0;0;0;1;1;1;0;0;1;0;0;0;0;0;0;1;1;0
2020-07-25T19:00:00;0.0;0.0;0.0;0.0;0.0;0.0;0.0;2.7284841053187846e-13;0.0;0.0;810.0;810.0;810.0;0.0;0.0;1170.0;0.0;0.0;0.0;0.0;0.0;0.0;217.16307893020203;0.0;-0.0;0.0;0.0;3335;7152;3817;-0.0;0.0;4.1793628412980298e6;6.188909080816955e6;4166.666666666667;0.0;2083.3333333333335;2083.3333333333335;0.0;3802.726417102553;5798.182388598298;0.0;4.1793628412980298e6;6.188909080816955e6;4166.666666666667;0.1141552511415525;0.0;0.1141552511415525;0.0;0.0;0.0;0.0;0;0;0;0;0;1;0;0;0;0;1;1;1;0;0;1;0;0;0;0;0;0;1;1;0
2020-07-25T20:00:00;0.0;0.0;0.0;0.0;-1.8189894035458566e-13;0.0;0.0;0.0;0.0;2.7284841053187846e-13;810.0;810.0;810.0;0.0;0.0;1170.0;0.0;0.0;0.0;0.0;0.0;0.0;947.1630789302026;0.0;0.0;0.0;0.0;2567;7114;4547;0.0;0.0;4.175560114880927e6;6.194707263205553e6;4166.666666666667;0.0;2083.3333333333335;2083.3333333333335;0.0;3802.7264171025527;5798.182388598298;0.0;4.175560114880927e6;6.194707263205553e6;4166.666666666667;0.1141552511415525;0.0;0.1141552511415525;0.0;0.0;0.0;0.0;0;0;0;0;0;1;0;0;0;0;1;1;1;0;0;1;0;0;0;0;0;0;1;1;0
2020-07-25T21:00:00;0.0;0.0;0.0;1.8189894035458566e-13;0.0;0.0;0.0;0.0;2.7284841053187846e-13;0.0;810.0;810.0;810.0;0.0;1170.0;1170.0;0.0;0.0;0.0;0.0;0.0;0.0;409.1630789302023;0.0;-0.0;0.0;0.0;1976;7155;5179;-0.0;0.0;4.1717573884638245e6;6.2005054455941515e6;4166.666666666667;0.0;2083.3333333333335;2083.3333333333335;0.0;3802.7264171025536;5798.182388598298;0.0;4.1717573884638245e6;6.2005054455941515e6;4166.666666666667;0.1141552511415525;0.0;0.1141552511415525;0.0;0.0;0.0;0.0;0;0;0;0;0;1;0;0;0;0;1;1;1;0;1;1;0;0;0;0;0;0;1;1;0
2020-07-25T22:00:00;0.0;0.0;0.0;0.0;1.8189894035458566e-13;0.0;2.7284841053187846e-13;0.0;0.0;0.0;810.0;810.0;810.0;0.0;1170.0;1170.0;0.0;0.0;0.0;0.0;0.0;0.0;688.1630789302025;0.0;0.0;0.0;0.0;2256;7714;5458;-0.0;0.0;4.1679546620467217e6;6.206303627982751e6;4166.666666666667;0.0;2083.3333333333335;2083.3333333333335;0.0;3802.7264171025536;5798.182388598298;0.0;4.1679546620467217e6;6.206303627982751e6;4166.666666666667;0.1141552511415525;0.0;0.1141552511415525;0.0;0.0;0.0;0.0;0;0;0;0;0;1;0;0;0;0;1;1;1;0;1;1;0;0;0;0;0;0;1;1;0
2020-07-25T23:00:00;0.0;0.0;0.0;0.0;-1.8189894035458566e-13;0.0;0.0;0.0;0.0;2.7284841053187846e-13;300.0;300.0;300.0;0.0;704.1630789302017;1170.0;0.0;0.0;0.0;0.0;0.0;0.0;0.0;0.0;0.0;0.0;0.0;5066;7840;2774;-0.0;0.0;4.1641519356296193e6;6.212101810371349e6;4166.666666666667;0.0;2083.3333333333335;2083.3333333333335;0.0;3802.7264171025527;5798.182388598298;0.0;4.1641519356296193e6;6.212101810371349e6;4166.666666666667;0.1141552511415525;0.0;0.1141552511415525;0.0;0.0;0.0;0.0;0;0;0;0;0;1;0;0;0;0;1;1;1;0;1;1;0;0;0;0;0;0;1;1;0
2020-07-26T00:00:00;0.0;0.0;0.0;0.0;0.0;0.0;0.0;0.0;0.0;0.0;810.0;810.0;810.0;0.0;1170.0;1170.0;0.0;0.0;0.0;0.0;0.0;0.0;163.1630789302028;0.0;0.0;0.0;0.0;2196;7129;4933;-0.0;0.0;4.160349209212517e6;6.217899992759947e6;4166.666666666667;0.0;2083.3333333333335;2083.3333333333335;0.0;3834.9992625468494;5776.667158302101;0.0;4.160349209212517e6;6.217899992759947e6;4166.666666666667;0.1141552511415525;0.0;0.1141552511415525;0.0;0.0;0.0;0.0;0;0;0;0;0;1;0;0;0;0;1;1;1;0;1;1;0;0;0;0;0;0;1;1;0
2020-07-26T01:00:00;0.0;0.0;0.0;0.0;0.0;0.0;0.0;0.0;0.0;0.0;300.0;300.0;300.0;0.0;376.16307893020195;1170.0;0.0;0.0;0.0;0.0;0.0;0.0;0.0;0.0;0.0;0.0;0.0;4317;6763;2446;-0.0;0.0;4.1565142099499702e6;6.223676659918249e6;4166.666666666667;0.0;2083.3333333333335;2083.3333333333335;0.0;3834.9992625468494;5776.667158302101;0.0;4.1565142099499702e6;6.223676659918249e6;4166.666666666667;0.1141552511415525;0.0;0.1141552511415525;0.0;0.0;0.0;0.0;0;0;0;0;0;1;0;0;0;0;1;1;1;0;1;1;0;0;0;0;0;0;1;1;0
2020-07-26T02:00:00;0.0;0.0;0.0;0.0;0.0;0.0;0.0;0.0;0.0;0.0;300.0;300.0;300.0;0.0;345.1630789302022;1170.0;0.0;0.0;0.0;0.0;0.0;0.0;0.0;0.0;0.0;0.0;0.0;4063;6478;2415;-0.0;0.0;4.1526792106874236e6;6.229453327076551e6;4166.666666666667;0.0;2083.3333333333335;2083.3333333333335;5050.45160946854;0.0;0.0;3108.7837137132883;4.1526792106874236e6;6.229453327076551e6;-4718.784205348722;0.1141552511415525;0.0;0.1141552511415525;0.0;0.0;0.0;0.0;0;0;0;0;0;1;0;0;0;0;1;1;1;0;1;1;0;0;0;0;0;0;1;1;0
2020-07-26T03:00:00;0.0;0.0;0.0;0.0;0.0;0.0;0.0;0.0;0.0;0.0;300.0;658.1630789302023;810.0;0.0;1170.0;1170.0;0.0;0.0;0.0;0.0;0.0;0.0;0.0;0.0;0.0;0.0;0.0;2077;6185;4108;-0.0;0.0;4.1577296622968917e6;6.226344543362838e6;4166.666666666667;0.0;2083.3333333333335;2083.3333333333335;0.0;3834.9992625468494;5776.667158302101;0.0;4.1577296622968917e6;6.226344543362838e6;4166.666666666667;0.1141552511415525;0.0;0.1141552511415525;0.0;0.0;0.0;0.0;0;0;0;0;0;1;0;0;0;0;1;1;1;0;1;1;0;0;0;0;0;0;1;1;0
2020-07-26T04:00:00;0.0;0.0;0.0;0.0;0.0;0.0;0.0;0.0;0.0;0.0;300.0;620.1630789302021;810.0;0.0;1170.0;1170.0;0.0;0.0;0.0;0.0;0.0;0.0;0.0;0.0;0.0;0.0;0.0;2126;6196;4070;-0.0;0.0;4.153894663034345e6;6.23212121052114e6;4166.666666666667;0.0;2083.3333333333335;2083.3333333333335;0.0;3834.9992625468494;5776.667158302101;0.0;4.153894663034345e6;6.23212121052114e6;4166.666666666667;0.1141552511415525;0.0;0.1141552511415525;0.0;0.0;0.0;0.0;0;0;0;0;0;1;0;0;0;0;1;1;1;0;1;1;0;0;0;0;0;0;1;1;0
2020-07-26T05:00:00;0.0;0.0;0.0;0.0;0.0;0.0;0.0;0.0;0.0;0.0;300.0;300.0;300.0;0.0;475.16307893020195;1170.0;0.0;0.0;0.0;0.0;0.0;0.0;0.0;0.0;0.0;0.0;0.0;4053;6598;2545;-0.0;0.0;4.150059663771798e6;6.237897877679442e6;4166.666666666667;0.0;2083.3333333333335;2083.3333333333335;0.0;3834.9992625468494;5776.667158302101;0.0;4.150059663771798e6;6.237897877679442e6;4166.666666666667;0.1141552511415525;0.0;0.1141552511415525;0.0;0.0;0.0;0.0;0;0;0;0;0;1;0;0;0;0;1;1;1;0;1;1;0;0;0;0;0;0;1;1;0
2020-07-26T06:00:00;0.0;0.0;0.0;0.0;0.0;0.0;0.0;0.0;0.0;0.0;300.0;567.1630789302026;810.0;810.0;1170.0;1170.0;0.0;0.0;0.0;0.0;0.0;0.0;0.0;0.0;0.0;0.0;0.0;2355;7182;4827;-0.0;0.0;4.1462246645092512e6;6.243674544837744e6;4166.666666666667;0.0;2083.3333333333335;2083.3333333333335;0.0;3834.9992625468494;5776.667158302101;0.0;4.1462246645092512e6;6.243674544837744e6;4166.666666666667;0.1141552511415525;0.0;0.1141552511415525;0.0;0.0;0.0;0.0;0;0;0;0;0;1;0;0;0;0;1;1;1;1;1;1;0;0;0;0;0;0;1;1;0
2020-07-26T07:00:00;0.0;0.0;0.0;0.0;0.0;0.0;0.0;0.0;0.0;0.0;300.0;300.0;300.0;300.0;736.1630789302021;1170.0;0.0;0.0;0.0;0.0;0.0;0.0;0.0;0.0;0.0;0.0;0.0;4787;7893;3106;-0.0;0.0;4.142389665246704e6;6.249451211996047e6;4166.666666666667;0.0;2083.3333333333335;2083.3333333333335;0.0;3834.9992625468494;5776.667158302101;0.0;4.142389665246704e6;6.249451211996047e6;4166.666666666667;0.1141552511415525;0.0;0.1141552511415525;0.0;0.0;0.0;0.0;0;0;0;0;0;1;0;0;0;0;1;1;1;1;1;1;0;0;0;0;0;0;1;1;0
2020-07-26T08:00:00;0.0;0.0;0.0;0.0;0.0;0.0;0.0;0.0;0.0;0.0;300.0;790.1630789302023;810.0;810.0;1170.0;1170.0;0.0;0.0;0.0;0.0;0.0;0.0;0.0;0.0;0.0;0.0;0.0;3542;8592;5050;-0.0;0.0;4.1385546659841575e6;6.255227879154349e6;4166.666666666667;0.0;2083.3333333333335;2083.3333333333335;0.0;3834.9992625468494;5776.667158302101;0.0;4.1385546659841575e6;6.255227879154349e6;4166.666666666667;0.1141552511415525;0.0;0.1141552511415525;0.0;0.0;0.0;0.0;0;0;0;0;0;1;0;0;0;0;1;1;1;1;1;1;0;0;0;0;0;0;1;1;0
2020-07-26T09:00:00;0.0;0.0;0.0;0.0;0.0;0.0;0.0;1.0913936421275138e-12;0.0;0.0;300.0;300.0;300.0;801.1630789302012;1170.0;1170.0;0.0;0.0;0.0;0.0;0.0;0.0;0.0;0.0;0.0;0.0;0.0;4989;9030;4041;-0.0;0.0;4.134719666721611e6;6.261004546312651e6;4166.666666666667;0.0;2083.3333333333335;2083.3333333333335;8333.333333333334;0.0;0.0;6391.6654375780845;4.134719666721611e6;6.261004546312651e6;-8001.665929213516;0.1141552511415525;0.0;0.1141552511415525;0.0;0.0;0.0;0.0;0;0;0;0;0;1;0;0;0;0;1;1;1;1;1;1;0;0;0;0;0;0;1;1;0
2020-07-26T10:00:00;0.0;0.0;0.0;0.0;0.0;0.0;0.0;0.0;0.0;0.0;810.0;810.0;810.0;810.0;1170.0;1170.0;0.0;0.0;0.0;0.0;0.0;0.0;243.1630789302024;0.0;0.0;0.0;0.0;3440;9263;5823;-0.0;0.0;4.143053000054944e6;6.254612880875072e6;4166.666666666667;0.0;2083.3333333333335;2083.3333333333335;0.0;3834.9992625468494;5776.667158302101;0.0;4.143053000054944e6;6.254612880875072e6;4166.666666666667;0.1141552511415525;0.0;0.1141552511415525;0.0;0.0;0.0;0.0;0;0;0;0;0;1;0;0;0;0;1;1;1;1;1;1;0;0;0;0;0;0;1;1;0
2020-07-26T11:00:00;0.0;0.0;0.0;0.0;0.0;0.0;1.0913936421275138e-12;0.0;0.0;0.0;300.0;300.0;555.1630789302017;810.0;1170.0;1170.0;0.0;0.0;0.0;0.0;0.0;0.0;0.0;0.0;0.0;0.0;0.0;5166;9471;4305;-0.0;0.0;4.139218000792397e6;6.260389548033374e6;4166.666666666667;0.0;2083.3333333333335;2083.3333333333335;8333.333333333334;0.0;0.0;6391.6654375780845;4.139218000792397e6;6.260389548033374e6;-8001.665929213516;0.1141552511415525;0.0;0.1141552511415525;0.0;0.0;0.0;0.0;0;0;0;0;0;1;0;0;0;0;1;1;1;1;1;1;0;0;0;0;0;0;1;1;0
2020-07-26T12:00:00;0.0;0.0;0.0;0.0;0.0;0.0;0.0;0.0;0.0;1.0913936421275138e-12;300.0;300.0;447.1630789302016;810.0;1170.0;1170.0;0.0;0.0;0.0;0.0;0.0;0.0;0.0;0.0;0.0;0.0;0.0;5375;9572;4197;-0.0;0.0;4.14755133412573e6;6.253997882595797e6;4166.666666666667;0.0;2083.3333333333335;2083.3333333333335;8333.333333333334;0.0;0.0;6391.6654375780845;4.14755133412573e6;6.253997882595797e6;-8001.665929213516;0.1141552511415525;0.0;0.1141552511415525;0.0;0.0;0.0;0.0;0;0;0;0;0;1;0;0;0;0;1;1;1;1;1;1;0;0;0;0;0;0;1;1;0
2020-07-26T13:00:00;0.0;0.0;0.0;0.0;0.0;0.0;0.0;0.0;0.0;0.0;300.0;300.0;300.0;551.1630789302021;1170.0;1170.0;0.0;0.0;0.0;0.0;0.0;0.0;0.0;0.0;0.0;0.0;0.0;5650;9441;3791;-0.0;0.0;4.1558846674590637e6;6.247606217158219e6;4166.666666666667;0.0;2083.3333333333335;2083.3333333333335;0.0;3834.9992625468494;5776.667158302101;0.0;4.1558846674590637e6;6.247606217158219e6;4166.666666666667;0.1141552511415525;0.0;0.1141552511415525;0.0;0.0;0.0;0.0;0;0;0;0;0;1;0;0;0;0;1;1;1;1;1;1;0;0;0;0;0;0;1;1;0
2020-07-26T14:00:00;0.0;0.0;0.0;0.0;0.0;0.0;0.0;0.0;0.0;1.0913936421275138e-12;810.0;810.0;810.0;810.0;1170.0;1170.0;0.0;0.0;0.0;0.0;0.0;0.0;441.1630789302016;0.0;0.0;0.0;0.0;3326;9347;6021;-0.0;0.0;4.152049668196517e6;6.253382884316521e6;4166.666666666667;0.0;2083.3333333333335;2083.3333333333335;8333.333333333334;0.0;0.0;6391.6654375780845;4.152049668196517e6;6.253382884316521e6;-8001.665929213516;0.1141552511415525;0.0;0.1141552511415525;0.0;0.0;0.0;0.0;0;0;0;0;0;1;0;0;0;0;1;1;1;1;1;1;0;0;0;0;0;0;1;1;0
2020-07-26T15:00:00;0.0;0.0;0.0;0.0;0.0;0.0;0.0;0.0;1.0913936421275138e-12;0.0;810.0;810.0;810.0;810.0;1170.0;1170.0;0.0;0.0;0.0;0.0;0.0;0.0;282.1630789302016;0.0;-0.0;0.0;0.0;3216;9078;5862;0.0;0.0;4.1603830015298505e6;6.246991218878943e6;4166.666666666667;0.0;2083.3333333333335;2083.3333333333335;8333.333333333334;0.0;0.0;6391.6654375780845;4.1603830015298505e6;6.246991218878943e6;-8001.665929213516;0.1141552511415525;0.0;0.1141552511415525;0.0;0.0;0.0;0.0;0;0;0;0;0;1;0;0;0;0;1;1;1;1;1;1;0;0;0;0;0;0;1;1;0
2020-07-26T16:00:00;0.0;0.0;0.0;0.0;0.0;0.0;1.0913936421275138e-12;0.0;0.0;0.0;300.0;300.0;300.0;411.16307893020115;1170.0;1170.0;0.0;0.0;0.0;0.0;0.0;0.0;0.0;0.0;0.0;0.0;0.0;5209;8860;3651;-0.0;0.0;4.1687163348631836e6;6.240599553441365e6;4166.666666666667;0.0;2083.3333333333335;2083.3333333333335;8333.333333333334;0.0;0.0;6391.6654375780845;4.1687163348631836e6;6.240599553441365e6;-8001.665929213516;0.1141552511415525;0.0;0.1141552511415525;0.0;0.0;0.0;0.0;0;0;0;0;0;1;0;0;0;0;1;1;1;1;1;1;0;0;0;0;0;0;1;1;0
2020-07-26T17:00:00;0.0;0.0;0.0;0.0;0.0;0.0;0.0;0.0;0.0;1.0913936421275138e-12;503.1630789302016;810.0;810.0;810.0;1170.0;1170.0;0.0;0.0;0.0;0.0;0.0;0.0;0.0;0.0;0.0;0.0;0.0;3446;8719;5273;-0.0;0.0;4.177049668196517e6;6.234207888003787e6;4166.666666666667;0.0;2083.3333333333335;2083.3333333333335;8333.333333333334;0.0;0.0;6391.6654375780845;4.177049668196517e6;6.234207888003787e6;-8001.665929213516;0.1141552511415525;0.0;0.1141552511415525;0.0;0.0;0.0;0.0;0;0;0;0;0;1;0;0;0;0;1;1;1;1;1;1;0;0;0;0;0;0;1;1;0
2020-07-26T18:00:00;0.0;0.0;0.0;0.0;0.0;0.0;0.0;1.0913936421275138e-12;0.0;0.0;407.1630789302007;810.0;810.0;810.0;1170.0;1170.0;0.0;0.0;0.0;0.0;0.0;0.0;0.0;0.0;0.0;0.0;0.0;3723;8900;5177;-0.0;0.0;4.1853830015298505e6;6.227816222566209e6;4166.666666666667;0.0;2083.3333333333335;2083.3333333333335;8333.333333333334;0.0;0.0;6391.6654375780845;4.1853830015298505e6;6.227816222566209e6;-8001.665929213516;0.1141552511415525;0.0;0.1141552511415525;0.0;0.0;0.0;0.0;0;0;0;0;0;1;0;0;0;0;1;1;1;1;1;1;0;0;0;0;0;0;1;1;0
2020-07-26T19:00:00;0.0;0.0;0.0;0.0;0.0;0.0;0.0;0.0;0.0;1.0913936421275138e-12;300.0;300.0;300.0;300.0;330.0;330.0;0.0;0.0;0.0;0.0;0.0;0.0;3193.1630789302017;0.0;0.0;0.0;0.0;3827;8880;5053;-0.0;0.0;4.1937163348631836e6;6.221424557128631e6;4166.666666666667;0.0;2083.3333333333335;2083.3333333333335;8333.333333333334;0.0;0.0;6391.6654375780845;4.1937163348631836e6;6.221424557128631e6;-8001.665929213516;0.1141552511415525;0.0;0.1141552511415525;0.0;0.0;0.0;0.0;0;0;0;0;0;1;0;0;0;0;1;1;1;1;1;1;0;0;0;0;0;0;1;1;0
2020-07-26T20:00:00;0.0;0.0;0.0;0.0;0.0;0.0;1.0913936421275138e-12;0.0;0.0;0.0;300.0;304.1630789302016;810.0;810.0;1170.0;1170.0;0.0;0.0;0.0;0.0;0.0;0.0;0.0;0.0;0.0;0.0;0.0;3835;8399;4564;-0.0;0.0;4.202049668196517e6;6.215032891691052e6;4166.666666666667;0.0;2083.3333333333335;2083.3333333333335;8333.333333333334;0.0;0.0;6391.6654375780845;4.202049668196517e6;6.215032891691052e6;-8001.665929213516;0.1141552511415525;0.0;0.1141552511415525;0.0;0.0;0.0;0.0;0;0;0;0;0;1;0;0;0;0;1;1;1;1;1;1;0;0;0;0;0;0;1;1;0
2020-07-26T21:00:00;0.0;0.0;0.0;0.0;0.0;0.0;0.0;0.0;0.0;1.0913936421275138e-12;300.0;300.0;404.1630789302016;810.0;1170.0;1170.0;0.0;0.0;0.0;0.0;0.0;0.0;0.0;0.0;0.0;0.0;0.0;3943;8097;4154;-0.0;0.0;4.210383001529851e6;6.208641226253475e6;4166.666666666667;0.0;2083.3333333333335;2083.3333333333335;8333.333333333334;0.0;0.0;6391.6654375780845;4.210383001529851e6;6.208641226253475e6;-8001.665929213516;0.1141552511415525;0.0;0.1141552511415525;0.0;0.0;0.0;0.0;0;0;0;0;0;1;0;0;0;0;1;1;1;1;1;1;0;0;0;0;0;0;1;1;0
2020-07-26T22:00:00;0.0;0.0;0.0;0.0;0.0;0.0;0.0;0.0;0.0;0.0;300.0;300.0;300.0;751.1630789302021;1170.0;1170.0;0.0;0.0;0.0;0.0;0.0;0.0;0.0;0.0;0.0;0.0;0.0;4532;8523;3991;-0.0;0.0;4.218716334863184e6;6.202249560815897e6;4166.666666666667;0.0;2083.3333333333335;2083.3333333333335;0.0;3834.9992625468494;5776.667158302101;0.0;4.218716334863184e6;6.202249560815897e6;4166.666666666667;0.1141552511415525;0.0;0.1141552511415525;0.0;0.0;0.0;0.0;0;0;0;0;0;1;0;0;0;0;1;1;1;1;1;1;0;0;0;0;0;0;1;1;0
2020-07-26T23:00:00;0.0;0.0;0.0;0.0;0.0;0.0;0.0;0.0;0.0;0.0;300.0;300.0;300.0;678.1630789302019;1170.0;1170.0;0.0;0.0;0.0;0.0;0.0;0.0;0.0;0.0;0.0;0.0;0.0;4634;8552;3918;-0.0;0.0;4.214881335600637e6;6.208026227974199e6;4166.666666666667;0.0;2083.3333333333335;2083.3333333333335;0.0;3834.9992625468494;5776.667158302101;0.0;4.214881335600637e6;6.208026227974199e6;4166.666666666667;0.1141552511415525;0.0;0.1141552511415525;0.0;0.0;0.0;0.0;0;0;0;0;0;1;0;0;0;0;1;1;1;1;1;1;0;0;0;0;0;0;1;1;0
2020-07-27T00:00:00;0.0;0.0;0.0;1.8189894035458566e-13;0.0;0.0;0.0;0.0;-2.7284841053187846e-13;0.0;300.0;300.0;300.0;571.1630789302023;1170.0;1170.0;0.0;0.0;0.0;0.0;0.0;0.0;0.0;0.0;0.0;0.0;0.0;4061;7872;3811;-0.0;0.0;4.21104633633809e6;6.213802895132501e6;4166.666666666667;0.0;2083.3333333333335;2083.3333333333335;0.0;3865.2197129829965;5756.52019134467;0.0;4.21104633633809e6;6.213802895132501e6;4166.666666666667;0.1141552511415525;0.0;0.1141552511415525;0.0;0.0;0.0;0.0;0;0;0;0;0;1;0;0;0;0;1;1;1;1;1;1;0;0;0;0;0;0;1;1;0
2020-07-27T01:00:00;0.0;0.0;0.0;0.0;1.8189894035458566e-13;0.0;-2.7284841053187846e-13;0.0;0.0;0.0;300.0;300.0;300.0;481.16307893020206;1170.0;1170.0;0.0;0.0;0.0;0.0;0.0;0.0;0.0;0.0;0.0;0.0;0.0;3767;7488;3721;-0.0;0.0;4.207181116625107e6;6.219559415323845e6;4166.666666666667;0.0;2083.3333333333335;2083.3333333333335;0.0;3865.2197129829965;5756.52019134467;0.0;4.207181116625107e6;6.219559415323845e6;4166.666666666667;0.1141552511415525;0.0;0.1141552511415525;0.0;0.0;0.0;0.0;0;0;0;0;0;1;0;0;0;0;1;1;1;1;1;1;0;0;0;0;0;0;1;1;0
2020-07-27T02:00:00;0.0;0.0;0.0;0.0;0.0;0.0;0.0;0.0;0.0;-2.7284841053187846e-13;300.0;300.0;300.0;300.0;399.1630789302028;1170.0;0.0;0.0;0.0;0.0;0.0;0.0;0.0;0.0;0.0;0.0;0.0;4416;7185;2769;-0.0;0.0;4.203315896912124e6;6.2253159355151905e6;4166.666666666667;0.0;2083.3333333333335;2083.3333333333335;0.0;3865.219712982995;5756.520191344669;0.0;4.203315896912124e6;6.2253159355151905e6;4166.666666666666;0.1141552511415525;0.0;0.1141552511415525;0.0;0.0;0.0;0.0;0;0;0;0;0;1;0;0;0;0;1;1;1;1;1;1;0;0;0;0;0;0;1;1;0
2020-07-27T03:00:00;0.0;0.0;0.0;0.0;1.8189894035458566e-13;0.0;0.0;-2.7284841053187846e-13;0.0;0.0;300.0;300.0;300.0;300.0;330.0;866.1630789302023;0.0;0.0;0.0;0.0;0.0;0.0;0.0;0.0;0.0;0.0;0.0;4447;6843;2396;-0.0;0.0;4.19945067719914e6;6.231072455706535e6;4166.666666666667;0.0;2083.3333333333335;2083.3333333333335;0.0;3865.2197129829965;5756.52019134467;0.0;4.19945067719914e6;6.231072455706535e6;4166.666666666667;0.1141552511415525;0.0;0.1141552511415525;0.0;0.0;0.0;0.0;0;0;0;0;0;1;0;0;0;0;1;1;1;1;1;1;0;0;0;0;0;0;1;1;0
2020-07-27T04:00:00;0.0;0.0;0.0;0.0;0.0;0.0;0.0;0.0;0.0;-2.7284841053187846e-13;300.0;300.0;300.0;300.0;330.0;766.1630789302023;0.0;0.0;0.0;0.0;0.0;0.0;0.0;0.0;0.0;0.0;0.0;4482;6778;2296;-0.0;0.0;4.195585457486157e6;6.23682897589788e6;4166.666666666667;0.0;2083.3333333333335;2083.3333333333335;0.0;3865.219712982995;5756.520191344669;0.0;4.195585457486157e6;6.23682897589788e6;4166.666666666666;0.1141552511415525;0.0;0.1141552511415525;0.0;0.0;0.0;0.0;0;0;0;0;0;1;0;0;0;0;1;1;1;1;1;1;0;0;0;0;0;0;1;1;0
2020-07-27T05:00:00;0.0;0.0;0.0;0.0;1.8189894035458566e-13;0.0;-2.7284841053187846e-13;0.0;0.0;0.0;300.0;300.0;300.0;300.0;330.0;1104.1630789302023;0.0;0.0;0.0;0.0;0.0;0.0;0.0;0.0;0.0;0.0;0.0;4445;7079;2634;-0.0;0.0;4.1917202377731744e6;6.242585496089225e6;4166.666666666667;0.0;2083.3333333333335;2083.3333333333335;0.0;3865.2197129829965;5756.52019134467;0.0;4.1917202377731744e6;6.242585496089225e6;4166.666666666667;0.1141552511415525;0.0;0.1141552511415525;0.0;0.0;0.0;0.0;0;0;0;0;0;1;0;0;0;0;1;1;1;1;1;1;0;0;0;0;0;0;1;1;0
2020-07-27T06:00:00;0.0;0.0;0.0;0.0;0.0;0.0;0.0;0.0;0.0;-2.7284841053187846e-13;300.0;300.0;300.0;300.0;944.1630789302019;1170.0;0.0;0.0;0.0;0.0;0.0;0.0;0.0;0.0;0.0;0.0;0.0;4262;7576;3314;-0.0;0.0;4.1878550180601915e6;6.248342016280569e6;4166.666666666667;0.0;2083.3333333333335;2083.3333333333335;0.0;3865.219712982995;5756.520191344669;0.0;4.1878550180601915e6;6.248342016280569e6;4166.666666666666;0.1141552511415525;0.0;0.1141552511415525;0.0;0.0;0.0;0.0;0;0;0;0;0;1;0;0;0;0;1;1;1;1;1;1;0;0;0;0;0;0;1;1;0
2020-07-27T07:00:00;2.7284841053187846e-13;0.0;0.0;0.0;0.0;0.0;0.0;-2.7284841053187846e-13;0.0;0.0;300.0;300.0;300.0;741.163078930202;1170.0;1170.0;0.0;0.0;0.0;0.0;0.0;0.0;0.0;0.0;0.0;0.0;0.0;4262;8243;3981;-0.0;0.0;4.1839897983472086e6;6.254098536471914e6;4166.666666666667;0.0;2083.3333333333335;2083.3333333333335;0.0;3865.2197129829956;5756.520191344669;0.0;4.1839897983472086e6;6.254098536471914e6;4166.666666666666;0.1141552511415525;0.0;0.1141552511415525;0.0;0.0;0.0;0.0;0;0;0;0;0;1;0;0;0;0;1;1;1;1;1;1;0;0;0;0;0;0;1;1;0
2020-07-27T08:00:00;0.0;0.0;0.0;0.0;0.0;0.0;0.0;0.0;0.0;-2.7284841053187846e-13;300.0;300.0;300.0;353.1630789302019;1170.0;1170.0;0.0;0.0;0.0;0.0;0.0;0.0;0.0;0.0;0.0;0.0;0.0;5305;8898;3593;-0.0;0.0;4.1801245786342253e6;6.259855056663259e6;4166.666666666667;0.0;2083.3333333333335;2083.3333333333335;0.0;3865.219712982995;5756.520191344669;0.0;4.1801245786342253e6;6.259855056663259e6;4166.666666666666;0.1141552511415525;0.0;0.1141552511415525;0.0;0.0;0.0;0.0;0;0;0;0;0;1;0;0;0;0;1;1;1;1;1;1;0;0;0;0;0;0;1;1;0
2020-07-27T09:00:00;0.0;0.0;0.0;1.8189894035458566e-13;0.0;0.0;0.0;0.0;-2.7284841053187846e-13;0.0;407.1630789302025;810.0;810.0;810.0;1170.0;1170.0;0.0;0.0;0.0;0.0;0.0;0.0;0.0;0.0;0.0;0.0;0.0;4170;9347;5177;-0.0;0.0;4.1762593589212424e6;6.265611576854603e6;4166.666666666667;0.0;2083.3333333333335;2083.3333333333335;0.0;3865.2197129829965;5756.52019134467;0.0;4.1762593589212424e6;6.265611576854603e6;4166.666666666667;0.1141552511415525;0.0;0.1141552511415525;0.0;0.0;0.0;0.0;0;0;0;0;0;1;0;0;0;0;1;1;1;1;1;1;0;0;0;0;0;0;1;1;0
2020-07-27T10:00:00;0.0;0.0;0.0;0.0;1.8189894035458566e-13;0.0;-2.7284841053187846e-13;0.0;0.0;0.0;810.0;810.0;810.0;810.0;1170.0;0.0;0.0;0.0;0.0;0.0;0.0;0.0;765.1630789302028;0.0;0.0;0.0;0.0;4415;9590;5175;-0.0;0.0;4.1723941392082595e6;6.271368097045947e6;4166.666666666667;0.0;2083.3333333333335;2083.3333333333335;0.0;3865.2197129829965;5756.52019134467;0.0;4.1723941392082595e6;6.271368097045947e6;4166.666666666667;0.1141552511415525;0.0;0.1141552511415525;0.0;0.0;0.0;0.0;0;0;0;0;0;1;0;0;0;0;1;1;1;1;1;0;0;0;0;0;0;0;1;1;0
2020-07-27T11:00:00;0.0;0.0;0.0;0.0;0.0;0.0;0.0;0.0;0.0;-2.7284841053187846e-13;300.0;763.1630789302019;810.0;810.0;1170.0;0.0;0.0;0.0;0.0;0.0;0.0;0.0;0.0;0.0;0.0;0.0;0.0;5939;9792;3853;-0.0;0.0;4.1685289194952766e6;6.277124617237292e6;4166.666666666667;0.0;2083.3333333333335;2083.3333333333335;0.0;3865.219712982995;5756.520191344669;0.0;4.1685289194952766e6;6.277124617237292e6;4166.666666666666;0.1141552511415525;0.0;0.1141552511415525;0.0;0.0;0.0;0.0;0;0;0;0;0;1;0;0;0;0;1;1;1;1;1;0;0;0;0;0;0;0;1;1;0
2020-07-27T12:00:00;0.0;0.0;0.0;0.0;1.8189894035458566e-13;0.0;0.0;-2.7284841053187846e-13;0.0;0.0;300.0;709.1630789302023;810.0;810.0;1170.0;0.0;0.0;0.0;0.0;0.0;0.0;0.0;0.0;0.0;0.0;0.0;0.0;6077;9876;3799;-0.0;0.0;4.1646636997822933e6;6.282881137428637e6;4166.666666666667;0.0;2083.3333333333335;2083.3333333333335;0.0;3865.2197129829965;5756.52019134467;0.0;4.1646636997822933e6;6.282881137428637e6;4166.666666666667;0.1141552511415525;0.0;0.1141552511415525;0.0;0.0;0.0;0.0;0;0;0;0;0;1;0;0;0;0;1;1;1;1;1;0;0;0;0;0;0;0;1;1;0
2020-07-27T13:00:00;0.0;0.0;0.0;0.0;0.0;0.0;0.0;0.0;0.0;-2.7284841053187846e-13;353.1630789302019;810.0;810.0;810.0;1170.0;0.0;0.0;0.0;0.0;0.0;0.0;0.0;0.0;0.0;0.0;0.0;0.0;5788;9741;3953;-0.0;0.0;4.1607984800693104e6;6.288637657619982e6;4166.666666666667;0.0;2083.3333333333335;2083.3333333333335;0.0;3865.219712982995;5756.520191344669;0.0;4.1607984800693104e6;6.288637657619982e6;4166.666666666666;0.1141552511415525;0.0;0.1141552511415525;0.0;0.0;0.0;0.0;0;0;0;0;0;1;0;0;0;0;1;1;1;1;1;0;0;0;0;0;0;0;1;1;0
2020-07-27T14:00:00;0.0;0.0;0.0;0.0;1.8189894035458566e-13;0.0;-2.7284841053187846e-13;0.0;0.0;0.0;810.0;810.0;810.0;810.0;1170.0;0.0;0.0;0.0;0.0;0.0;0.0;0.0;157.16307893020254;0.0;0.0;0.0;0.0;5112;9679;4567;-0.0;0.0;4.1569332603563275e6;6.294394177811326e6;4166.666666666667;0.0;2083.3333333333335;2083.3333333333335;0.0;3865.2197129829965;5756.52019134467;0.0;4.1569332603563275e6;6.294394177811326e6;4166.666666666667;0.1141552511415525;0.0;0.1141552511415525;0.0;0.0;0.0;0.0;0;0;0;0;0;1;0;0;0;0;1;1;1;1;1;0;0;0;0;0;0;0;1;1;0
2020-07-27T15:00:00;0.0;0.0;0.0;0.0;1.8189894035458566e-13;0.0;0.0;0.0;0.0;2.7284841053187846e-13;300.0;300.0;300.0;300.0;330.0;0.0;0.0;0.0;0.0;0.0;0.0;0.0;2660.163078930202;0.0;0.0;0.0;0.0;5232;9422;4190;-0.0;0.0;4.153068040643344e6;6.300150698002671e6;4166.666666666667;0.0;2083.3333333333335;2083.3333333333335;8333.333333333334;0.0;0.0;6442.032854971661;4.153068040643344e6;6.300150698002671e6;-8031.8863796496635;0.1141552511415525;0.0;0.1141552511415525;0.0;0.0;0.0;0.0;0;0;0;0;0;1;0;0;0;0;1;1;1;1;1;0;0;0;0;0;0;0;1;1;0
2020-07-27T16:00:00;-2.7284841053187846e-13;0.0;0.0;0.0;0.0;0.0;0.0;-2.7284841053187846e-13;0.0;0.0;525.1630789302035;810.0;810.0;810.0;1170.0;0.0;0.0;0.0;0.0;0.0;0.0;0.0;0.0;0.0;0.0;0.0;0.0;5093;9218;4125;-0.0;0.0;4.1614013739766777e6;6.293708665147699e6;4166.666666666667;0.0;2083.3333333333335;2083.3333333333335;8333.333333333334;0.0;0.0;6442.03285497166;4.1614013739766777e6;6.293708665147699e6;-8031.886379649663;0.1141552511415525;0.0;0.1141552511415525;0.0;0.0;0.0;0.0;0;0;0;0;0;1;0;0;0;0;1;1;1;1;1;0;0;0;0;0;0;0;1;1;0
2020-07-27T17:00:00;0.0;0.0;0.0;0.0;1.8189894035458566e-13;0.0;0.0;0.0;0.0;2.7284841053187846e-13;300.0;541.1630789302016;810.0;810.0;1170.0;0.0;0.0;0.0;0.0;0.0;0.0;0.0;0.0;0.0;0.0;0.0;0.0;5443;9074;3631;-0.0;0.0;4.169734707310011e6;6.287266632292728e6;4166.666666666667;0.0;2083.3333333333335;2083.3333333333335;8333.333333333334;0.0;0.0;6442.032854971661;4.169734707310011e6;6.287266632292728e6;-8031.8863796496635;0.1141552511415525;0.0;0.1141552511415525;0.0;0.0;0.0;0.0;0;0;0;0;0;1;0;0;0;0;1;1;1;1;1;0;0;0;0;0;0;0;1;1;0
2020-07-27T18:00:00;0.0;0.0;0.0;1.8189894035458566e-13;0.0;0.0;0.0;0.0;2.7284841053187846e-13;0.0;300.0;774.1630789302016;810.0;810.0;1170.0;0.0;0.0;0.0;0.0;0.0;0.0;0.0;0.0;0.0;0.0;0.0;0.0;5316;9180;3864;-0.0;0.0;4.1780680406433446e6;6.280824599437756e6;4166.666666666667;0.0;2083.3333333333335;2083.3333333333335;8333.333333333334;0.0;0.0;6442.032854971661;4.1780680406433446e6;6.280824599437756e6;-8031.8863796496635;0.1141552511415525;0.0;0.1141552511415525;0.0;0.0;0.0;0.0;0;0;0;0;0;1;0;0;0;0;1;1;1;1;1;0;0;0;0;0;0;0;1;1;0
2020-07-27T19:00:00;0.0;0.0;0.0;0.0;1.8189894035458566e-13;0.0;-2.7284841053187846e-13;0.0;0.0;0.0;300.0;680.1630789302023;810.0;810.0;1170.0;0.0;0.0;0.0;0.0;0.0;0.0;0.0;0.0;0.0;0.0;0.0;0.0;5295;9065;3770;-0.0;0.0;4.1864013739766777e6;6.274382566582784e6;4166.666666666667;0.0;2083.3333333333335;2083.3333333333335;0.0;3865.2197129829965;5756.52019134467;0.0;4.1864013739766777e6;6.274382566582784e6;4166.666666666667;0.1141552511415525;0.0;0.1141552511415525;0.0;0.0;0.0;0.0;0;0;0;0;0;1;0;0;0;0;1;1;1;1;1;0;0;0;0;0;0;0;1;1;0
2020-07-27T20:00:00;0.0;0.0;0.0;0.0;0.0;0.0;0.0;0.0;0.0;-2.7284841053187846e-13;300.0;300.0;617.1630789302019;810.0;1170.0;0.0;0.0;0.0;0.0;0.0;0.0;0.0;0.0;0.0;0.0;0.0;0.0;5355;8552;3197;-0.0;0.0;4.182536154263695e6;6.280139086774129e6;4166.666666666667;0.0;2083.3333333333335;2083.3333333333335;0.0;3865.219712982995;5756.520191344669;0.0;4.182536154263695e6;6.280139086774129e6;4166.666666666666;0.1141552511415525;0.0;0.1141552511415525;0.0;0.0;0.0;0.0;0;0;0;0;0;1;0;0;0;0;1;1;1;1;1;0;0;0;0;0;0;0;1;1;0
2020-07-27T21:00:00;0.0;0.0;0.0;0.0;1.8189894035458566e-13;0.0;0.0;-2.7284841053187846e-13;0.0;0.0;300.0;300.0;499.1630789302023;810.0;1170.0;0.0;0.0;0.0;0.0;0.0;0.0;0.0;0.0;0.0;0.0;0.0;0.0;5225;8304;3079;-0.0;0.0;4.1786709345507124e6;6.285895606965474e6;4166.666666666667;0.0;2083.3333333333335;2083.3333333333335;0.0;3865.2197129829965;5756.52019134467;0.0;4.1786709345507124e6;6.285895606965474e6;4166.666666666667;0.1141552511415525;0.0;0.1141552511415525;0.0;0.0;0.0;0.0;0;0;0;0;0;1;0;0;0;0;1;1;1;1;1;0;0;0;0;0;0;0;1;1;0
2020-07-27T22:00:00;0.0;0.0;0.0;0.0;1.8189894035458566e-13;0.0;0.0;0.0;0.0;2.7284841053187846e-13;300.0;743.1630789302016;810.0;810.0;1170.0;0.0;0.0;0.0;0.0;0.0;0.0;0.0;0.0;0.0;0.0;0.0;0.0;4871;8704;3833;-0.0;0.0;4.174805714837729e6;6.291652127156818e6;4166.666666666667;0.0;2083.3333333333335;2083.3333333333335;8333.333333333334;0.0;0.0;6442.032854971661;4.174805714837729e6;6.291652127156818e6;-8031.8863796496635;0.1141552511415525;0.0;0.1141552511415525;0.0;0.0;0.0;0.0;0;0;0;0;0;1;0;0;0;0;1;1;1;1;1;0;0;0;0;0;0;0;1;1;0
2020-07-27T23:00:00;0.0;0.0;0.0;0.0;1.8189894035458566e-13;0.0;-2.7284841053187846e-13;0.0;0.0;0.0;300.0;680.1630789302023;810.0;810.0;1170.0;0.0;0.0;0.0;0.0;0.0;0.0;0.0;0.0;0.0;0.0;0.0;0.0;4924;8694;3770;-0.0;0.0;4.1831390481710625e6;6.285210094301847e6;4166.666666666667;0.0;2083.3333333333335;2083.3333333333335;0.0;3865.2197129829965;5756.52019134467;0.0;4.1831390481710625e6;6.285210094301847e6;4166.666666666667;0.1141552511415525;0.0;0.1141552511415525;0.0;0.0;0.0;0.0;0;0;0;0;0;1;0;0;0;0;1;1;1;1;1;0;0;0;0;0;0;0;1;1;0
2020-07-28T00:00:00;0.0;0.0;0.0;0.0;0.0;0.0;0.0;0.0;0.0;0.0;300.0;300.0;642.1630789302021;810.0;1170.0;0.0;0.0;0.0;0.0;0.0;0.0;0.0;0.0;0.0;0.0;0.0;0.0;4718;7940;3222;-0.0;0.0;4.1792738284580796e6;6.290966614493191e6;4166.666666666667;0.0;2083.3333333333335;2083.3333333333335;0.0;3896.8659012341996;5735.422732510534;0.0;4.1792738284580796e6;6.290966614493191e6;4166.666666666667;0.1141552511415525;0.0;0.1141552511415525;0.0;0.0;0.0;0.0;0;0;0;0;0;1;0;0;0;0;1;1;1;1;1;0;0;0;0;0;0;0;1;1;0
2020-07-28T01:00:00;-2.7284841053187846e-13;0.0;0.0;0.0;0.0;0.0;0.0;0.0;0.0;0.0;300.0;300.0;390.1630789302026;810.0;1170.0;0.0;0.0;0.0;0.0;0.0;0.0;0.0;0.0;0.0;0.0;0.0;0.0;4581;7551;2970;-0.0;0.0;4.1753769625568455e6;6.296702037225702e6;4166.666666666667;0.0;2083.3333333333335;2083.3333333333335;0.0;3896.865901234199;5735.422732510534;0.0;4.1753769625568455e6;6.296702037225702e6;4166.666666666667;0.1141552511415525;0.0;0.1141552511415525;0.0;0.0;0.0;0.0;0;0;0;0;0;1;0;0;0;0;1;1;1;1;1;0;0;0;0;0;0;0;1;1;0
2020-07-28T02:00:00;0.0;0.0;0.0;0.0;0.0;0.0;0.0;0.0;0.0;0.0;300.0;300.0;300.0;300.0;330.0;0.0;0.0;0.0;0.0;0.0;0.0;0.0;1398.1630789302028;0.0;0.0;0.0;0.0;4315;7243;2928;-0.0;0.0;4.171480096655611e6;6.302437459958212e6;4166.666666666667;0.0;2083.3333333333335;2083.3333333333335;0.0;3896.8659012341996;5735.422732510534;0.0;4.171480096655611e6;6.302437459958212e6;4166.666666666667;0.1141552511415525;0.0;0.1141552511415525;0.0;0.0;0.0;0.0;0;0;0;0;0;1;0;0;0;0;1;1;1;1;1;0;0;0;0;0;0;0;1;1;0
2020-07-28T03:00:00;0.0;0.0;0.0;3.637978807091713e-13;0.0;0.0;0.0;0.0;5.456968210637569e-13;0.0;0.0;300.0;588.1630789302014;810.0;1170.0;0.0;0.0;0.0;0.0;0.0;0.0;0.0;0.0;0.0;0.0;0.0;0.0;4030;6898;2868;-0.0;0.0;4.167583230754377e6;6.308172882690723e6;4166.666666666667;0.0;2083.3333333333335;2083.3333333333335;8333.333333333334;0.0;0.0;6494.776502057001;4.167583230754377e6;6.308172882690723e6;-8063.532567900867;0.1141552511415525;0.0;0.1141552511415525;0.0;0.0;0.0;0.0;0;0;0;0;0;1;0;0;0;0;0;1;1;1;1;0;0;0;0;0;0;0;1;1;0
2020-07-28T04:00:00;0.0;0.0;0.0;0.0;0.0;0.0;0.0;0.0;0.0;0.0;0.0;434.1630789302024;810.0;810.0;1170.0;0.0;0.0;0.0;0.0;0.0;0.0;0.0;0.0;0.0;0.0;0.0;0.0;3605;6829;3224;-0.0;0.0;4.17591656408771e6;6.301678106188666e6;4166.666666666667;0.0;2083.3333333333335;2083.3333333333335;0.0;3896.8659012341996;5735.422732510534;0.0;4.17591656408771e6;6.301678106188666e6;4166.666666666667;0.1141552511415525;0.0;0.1141552511415525;0.0;0.0;0.0;0.0;0;0;0;0;0;1;0;0;0;0;0;1;1;1;1;0;0;0;0;0;0;0;1;1;0
2020-07-28T05:00:00;0.0;0.0;0.0;0.0;3.637978807091713e-13;0.0;0.0;0.0;0.0;5.456968210637569e-13;0.0;328.16307893020144;810.0;810.0;1170.0;0.0;0.0;0.0;0.0;0.0;0.0;0.0;0.0;0.0;0.0;0.0;0.0;4005;7123;3118;-0.0;0.0;4.172019698186476e6;6.307413528921177e6;4166.666666666667;0.0;2083.3333333333335;2083.3333333333335;8333.333333333334;0.0;0.0;6494.776502057001;4.172019698186476e6;6.307413528921177e6;-8063.532567900867;0.1141552511415525;0.0;0.1141552511415525;0.0;0.0;0.0;0.0;0;0;0;0;0;1;0;0;0;0;0;1;1;1;1;0;0;0;0;0;0;0;1;1;0
2020-07-28T06:00:00;0.0;0.0;0.0;0.0;3.637978807091713e-13;0.0;0.0;5.456968210637569e-13;0.0;0.0;0.0;320.16307893020144;810.0;810.0;1170.0;0.0;0.0;0.0;0.0;0.0;0.0;0.0;0.0;0.0;0.0;0.0;0.0;4503;7613;3110;-0.0;0.0;4.1803530315198093e6;6.30091875241912e6;4166.666666666667;0.0;2083.3333333333335;2083.3333333333335;8333.333333333334;0.0;0.0;6494.776502057001;4.1803530315198093e6;6.30091875241912e6;-8063.532567900867;0.1141552511415525;0.0;0.1141552511415525;0.0;0.0;0.0;0.0;0;0;0;0;0;1;0;0;0;0;0;1;1;1;1;0;0;0;0;0;0;0;1;1;0
2020-07-28T07:00:00;0.0;0.0;0.0;0.0;3.637978807091713e-13;0.0;0.0;0.0;0.0;5.456968210637569e-13;0.0;810.0;810.0;810.0;1170.0;0.0;0.0;0.0;0.0;0.0;0.0;0.0;353.16307893020144;0.0;0.0;0.0;0.0;4330;8283;3953;-0.0;0.0;4.1886863648531423e6;6.294423975917063e6;4166.666666666667;0.0;2083.3333333333335;2083.3333333333335;8333.333333333334;0.0;0.0;6494.776502057001;4.1886863648531423e6;6.294423975917063e6;-8063.532567900867;0.1141552511415525;0.0;0.1141552511415525;0.0;0.0;0.0;0.0;0;0;0;0;0;1;0;0;0;0;0;1;1;1;1;0;0;0;0;0;0;0;1;1;0
2020-07-28T08:00:00;0.0;0.0;0.0;0.0;3.637978807091713e-13;0.0;5.456968210637569e-13;0.0;0.0;0.0;0.0;810.0;810.0;810.0;1170.0;0.0;0.0;0.0;0.0;0.0;0.0;0.0;1221.163078930202;0.0;0.0;0.0;0.0;4116;8937;4821;-0.0;0.0;4.197019698186476e6;6.287929199415006e6;4166.666666666667;0.0;2083.3333333333335;2083.3333333333335;8333.333333333334;0.0;0.0;6494.776502057001;4.197019698186476e6;6.287929199415006e6;-8063.532567900867;0.1141552511415525;0.0;0.1141552511415525;0.0;0.0;0.0;0.0;0;0;0;0;0;1;0;0;0;0;0;1;1;1;1;0;0;0;0;0;0;0;1;1;0
2020-07-28T09:00:00;0.0;0.0;0.0;0.0;3.637978807091713e-13;0.0;0.0;0.0;0.0;5.456968210637569e-13;0.0;810.0;810.0;810.0;1170.0;0.0;0.0;0.0;0.0;0.0;0.0;0.0;1338.163078930202;0.0;0.0;0.0;0.0;4456;9394;4938;-0.0;0.0;4.20535303151981e6;6.281434422912949e6;4166.666666666667;0.0;2083.3333333333335;2083.3333333333335;8333.333333333334;0.0;0.0;6494.776502057001;4.20535303151981e6;6.281434422912949e6;-8063.532567900867;0.1141552511415525;0.0;0.1141552511415525;0.0;0.0;0.0;0.0;0;0;0;0;0;1;0;0;0;0;0;1;1;1;1;0;0;0;0;0;0;0;1;1;0
2020-07-28T10:00:00;-5.456968210637569e-13;0.0;0.0;0.0;0.0;0.0;0.0;0.0;0.0;0.0;0.0;810.0;810.0;810.0;1170.0;0.0;0.0;0.0;0.0;0.0;0.0;0.0;2282.163078930203;0.0;-0.0;0.0;0.0;3767;9649;5882;0.0;0.0;4.213686364853143e6;6.274939646410892e6;4166.666666666667;0.0;2083.3333333333335;2083.3333333333335;8333.333333333334;0.0;0.0;6494.776502056999;4.213686364853143e6;6.274939646410892e6;-8063.532567900866;0.1141552511415525;0.0;0.1141552511415525;0.0;0.0;0.0;0.0;0;0;0;0;0;1;0;0;0;0;0;1;1;1;1;0;0;0;0;0;0;0;1;1;0
2020-07-28T11:00:00;0.0;0.0;0.0;0.0;3.637978807091713e-13;0.0;0.0;0.0;0.0;5.456968210637569e-13;0.0;810.0;810.0;810.0;1170.0;1170.0;0.0;0.0;0.0;0.0;0.0;0.0;855.1630789302023;0.0;0.0;0.0;0.0;4240;9865;5625;0.0;0.0;4.222019698186476e6;6.268444869908835e6;4166.666666666667;0.0;2083.3333333333335;2083.3333333333335;8333.333333333334;0.0;0.0;6494.776502057001;4.222019698186476e6;6.268444869908835e6;-8063.532567900867;0.1141552511415525;0.0;0.1141552511415525;0.0;0.0;0.0;0.0;0;0;0;0;0;1;0;0;0;0;0;1;1;1;1;1;0;0;0;0;0;0;1;1;0
2020-07-28T12:00:00;0.0;0.0;0.0;3.637978807091713e-13;0.0;0.0;0.0;0.0;5.456968210637569e-13;0.0;0.0;810.0;810.0;810.0;1170.0;1170.0;0.0;0.0;0.0;0.0;0.0;0.0;424.16307893020235;0.0;-0.0;0.0;0.0;4771;9965;5194;-0.0;0.0;4.230353031519809e6;6.261950093406778e6;4166.666666666667;0.0;2083.3333333333335;2083.3333333333335;8333.333333333334;0.0;0.0;6494.776502057001;4.230353031519809e6;6.261950093406778e6;-8063.532567900867;0.1141552511415525;0.0;0.1141552511415525;0.0;0.0;0.0;0.0;0;0;0;0;0;1;0;0;0;0;0;1;1;1;1;1;0;0;0;0;0;0;1;1;0
2020-07-28T13:00:00;0.0;0.0;0.0;0.0;3.637978807091713e-13;0.0;5.456968210637569e-13;0.0;0.0;0.0;0.0;666.1630789302014;810.0;810.0;1170.0;1170.0;0.0;0.0;0.0;0.0;0.0;0.0;0.0;0.0;0.0;0.0;0.0;5226;9852;4626;-0.0;0.0;4.238686364853143e6;6.255455316904721e6;4166.666666666667;0.0;2083.3333333333335;2083.3333333333335;8333.333333333334;0.0;0.0;6494.776502057001;4.238686364853143e6;6.255455316904721e6;-8063.532567900867;0.1141552511415525;0.0;0.1141552511415525;0.0;0.0;0.0;0.0;0;0;0;0;0;1;0;0;0;0;0;1;1;1;1;1;0;0;0;0;0;0;1;1;0
2020-07-28T14:00:00;0.0;0.0;0.0;0.0;3.637978807091713e-13;0.0;0.0;0.0;0.0;5.456968210637569e-13;0.0;300.0;300.0;300.0;330.0;330.0;0.0;0.0;0.0;0.0;0.0;0.0;2716.1630789302026;0.0;0.0;0.0;0.0;5551;9827;4276;-0.0;0.0;4.247019698186476e6;6.248960540402664e6;4166.666666666667;0.0;2083.3333333333335;2083.3333333333335;8333.333333333334;0.0;0.0;6494.776502057001;4.247019698186476e6;6.248960540402664e6;-8063.532567900867;0.1141552511415525;0.0;0.1141552511415525;0.0;0.0;0.0;0.0;0;0;0;0;0;1;0;0;0;0;0;1;1;1;1;1;0;0;0;0;0;0;1;1;0
2020-07-28T15:00:00;0.0;0.0;0.0;0.0;3.637978807091713e-13;0.0;0.0;5.456968210637569e-13;0.0;0.0;0.0;300.0;524.1630789302014;810.0;1170.0;1170.0;0.0;0.0;0.0;0.0;0.0;0.0;0.0;0.0;0.0;0.0;0.0;5625;9599;3974;-0.0;0.0;4.255353031519809e6;6.242465763900607e6;4166.666666666667;0.0;2083.3333333333335;2083.3333333333335;8333.333333333334;0.0;0.0;6494.776502057001;4.255353031519809e6;6.242465763900607e6;-8063.532567900867;0.1141552511415525;0.0;0.1141552511415525;0.0;0.0;0.0;0.0;0;0;0;0;0;1;0;0;0;0;0;1;1;1;1;1;0;0;0;0;0;0;1;1;0
2020-07-28T16:00:00;0.0;0.0;0.0;0.0;3.637978807091713e-13;0.0;0.0;0.0;0.0;5.456968210637569e-13;0.0;300.0;526.1630789302014;810.0;1170.0;1170.0;0.0;0.0;0.0;0.0;0.0;0.0;0.0;0.0;0.0;0.0;0.0;5441;9417;3976;-0.0;0.0;4.263686364853143e6;6.23597098739855e6;4166.666666666667;0.0;2083.3333333333335;2083.3333333333335;8333.333333333334;0.0;0.0;6494.776502057001;4.263686364853143e6;6.23597098739855e6;-8063.532567900867;0.1141552511415525;0.0;0.1141552511415525;0.0;0.0;0.0;0.0;0;0;0;0;0;1;0;0;0;0;0;1;1;1;1;1;0;0;0;0;0;0;1;1;0
2020-07-28T17:00:00;0.0;0.0;0.0;0.0;3.637978807091713e-13;0.0;5.456968210637569e-13;0.0;0.0;0.0;0.0;300.0;300.0;629.1630789302014;1170.0;1170.0;0.0;0.0;0.0;0.0;0.0;0.0;0.0;0.0;0.0;0.0;0.0;5712;9281;3569;-0.0;0.0;4.272019698186476e6;6.229476210896493e6;4166.666666666667;0.0;2083.3333333333335;2083.3333333333335;8333.333333333334;0.0;0.0;6494.776502057001;4.272019698186476e6;6.229476210896493e6;-8063.532567900867;0.1141552511415525;0.0;0.1141552511415525;0.0;0.0;0.0;0.0;0;0;0;0;0;1;0;0;0;0;0;1;1;1;1;1;0;0;0;0;0;0;1;1;0
2020-07-28T18:00:00;0.0;0.0;0.0;0.0;3.637978807091713e-13;0.0;0.0;0.0;0.0;5.456968210637569e-13;0.0;300.0;300.0;300.0;1097.1630789302014;1170.0;0.0;0.0;0.0;0.0;0.0;0.0;0.0;0.0;0.0;0.0;0.0;6192;9359;3167;-0.0;0.0;4.28035303151981e6;6.222981434394436e6;4166.666666666667;0.0;2083.3333333333335;2083.3333333333335;8333.333333333334;0.0;0.0;6494.776502057001;4.28035303151981e6;6.222981434394436e6;-8063.532567900867;0.1141552511415525;0.0;0.1141552511415525;0.0;0.0;0.0;0.0;0;0;0;0;0;1;0;0;0;0;0;1;1;1;1;1;0;0;0;0;0;0;1;1;0
2020-07-28T19:00:00;-5.456968210637569e-13;0.0;0.0;0.0;0.0;0.0;0.0;0.0;0.0;0.0;0.0;300.0;300.0;300.0;1055.1630789302021;1170.0;0.0;0.0;0.0;0.0;0.0;0.0;0.0;0.0;0.0;0.0;0.0;6099;9224;3125;-0.0;0.0;4.288686364853143e6;6.216486657892379e6;4166.666666666667;0.0;2083.3333333333335;2083.3333333333335;8333.333333333334;0.0;0.0;6494.776502056999;4.288686364853143e6;6.216486657892379e6;-8063.532567900866;0.1141552511415525;0.0;0.1141552511415525;0.0;0.0;0.0;0.0;0;0;0;0;0;1;0;0;0;0;0;1;1;1;1;1;0;0;0;0;0;0;1;1;0
2020-07-28T20:00:00;0.0;0.0;0.0;0.0;3.637978807091713e-13;0.0;0.0;0.0;0.0;5.456968210637569e-13;0.0;300.0;300.0;300.0;848.1630789302014;1170.0;0.0;0.0;0.0;0.0;0.0;0.0;0.0;0.0;0.0;0.0;0.0;5783;8701;2918;-0.0;0.0;4.297019698186476e6;6.209991881390322e6;4166.666666666667;0.0;2083.3333333333335;2083.3333333333335;8333.333333333334;0.0;0.0;6494.776502057001;4.297019698186476e6;6.209991881390322e6;-8063.532567900867;0.1141552511415525;0.0;0.1141552511415525;0.0;0.0;0.0;0.0;0;0;0;0;0;1;0;0;0;0;0;1;1;1;1;1;0;0;0;0;0;0;1;1;0
2020-07-28T21:00:00;0.0;0.0;0.0;0.0;0.0;0.0;0.0;0.0;0.0;0.0;0.0;300.0;300.0;300.0;765.1630789302023;1170.0;0.0;0.0;0.0;0.0;0.0;0.0;0.0;0.0;0.0;0.0;0.0;5620;8455;2835;-0.0;0.0;4.305353031519809e6;6.203497104888265e6;4166.666666666667;0.0;2083.3333333333335;2083.3333333333335;0.0;3896.8659012341996;5735.422732510534;0.0;4.305353031519809e6;6.203497104888265e6;4166.666666666667;0.1141552511415525;0.0;0.1141552511415525;0.0;0.0;0.0;0.0;0;0;0;0;0;1;0;0;0;0;0;1;1;1;1;1;0;0;0;0;0;0;1;1;0
2020-07-28T22:00:00;0.0;0.0;0.0;0.0;0.0;0.0;0.0;0.0;0.0;0.0;0.0;300.0;300.0;482.1630789302024;1170.0;1170.0;0.0;0.0;0.0;0.0;0.0;0.0;0.0;0.0;0.0;0.0;0.0;5441;8863;3422;-0.0;0.0;4.301456165618575e6;6.209232527620776e6;4166.666666666667;0.0;2083.3333333333335;2083.3333333333335;0.0;3896.8659012341996;5735.422732510534;0.0;4.301456165618575e6;6.209232527620776e6;4166.666666666667;0.1141552511415525;0.0;0.1141552511415525;0.0;0.0;0.0;0.0;0;0;0;0;0;1;0;0;0;0;0;1;1;1;1;1;0;0;0;0;0;0;1;1;0
2020-07-28T23:00:00;0.0;0.0;0.0;0.0;0.0;0.0;0.0;0.0;0.0;0.0;0.0;300.0;300.0;418.1630789302022;1170.0;1170.0;0.0;0.0;0.0;0.0;0.0;0.0;0.0;0.0;0.0;0.0;0.0;5462;8820;3358;-0.0;0.0;4.297559299717341e6;6.214967950353286e6;4166.666666666667;0.0;2083.3333333333335;2083.3333333333335;0.0;3896.8659012341996;5735.422732510534;0.0;4.297559299717341e6;6.214967950353286e6;4166.666666666667;0.1141552511415525;0.0;0.1141552511415525;0.0;0.0;0.0;0.0;0;0;0;0;0;1;0;0;0;0;0;1;1;1;1;1;0;0;0;0;0;0;1;1;0
