Date ;  Gazby ; Omaïgaz1 ; Omaïgaz2 ;Igaznodon1 ;Igaznodon2 ;Cogénérations ; Pégaz ; Samagaz1 ; Samagaz2 ; Gastafiore ;Iconuc1 ;Iconuc2 ;Tabarnuc1 ;Tabarnuc2 ;NucPlusUltra1 ;NucPlusUltra2 ;Coron1 ;Coron2 ;Mockingjay ;Lantier ;Tacotac ;TicEtTac ;Hydro ; STEP_pompage ; STEP_turbinage ; Batt_inj ; Batt_sout ; RES ; Load ; Net_load ; CH4_S_prod ; CH4_N_prod ; CH4_S_inj ; CH4_S_sout ; CH4_N_inj ; CH4_N_sout ; CH4_S_stock ; CH4_N_stock ; CH4_flux_S_N ; H2_S_prod ; H2_N_prod ; H2_flux_S_N ; CH4_S_uns ; CH4_N_uns ; H2_S_uns ; H2_N_uns 
2023-01-01T00:00:00 ; 0.0 ; 0.0 ; 0.0 ; 0.0 ; 0.0 ; 0.0 ; 0.0 ; 0.0 ; 0.0 ; 0.0 ; 810.0 ; 810.0 ; 810.0 ; 810.0 ; 1170.0 ; 1170.0 ; 540.0 ; 540.0 ; 540.0 ; 540.0 ; 0.0 ; 0.0 ; 515.1630789302017 ; 0.0 ; -0.0 ; 0.0 ; 0.0 ; 2820 ; 11075 ; 8255 ; 16666.666666666668 ; 4166.666666666668 ; 2613.0403550027113 ; 0.0 ; 1742.0269033351397 ; 0.0 ; 0.0 ; 0.0 ; 4166.666666666666 ; 0.1141552511415525 ; 0.0 ; 0.1141552511415525 ; 0.0 ; 0.0 ; 0.0 ; 0.0 
2023-01-01T01:00:00 ; 0.0 ; 0.0 ; 0.0 ; 0.0 ; 0.0 ; 0.0 ; 0.0 ; 0.0 ; 0.0 ; 0.0 ; 810.0 ; 810.0 ; 810.0 ; 810.0 ; 1170.0 ; 1170.0 ; 540.0 ; 540.0 ; 540.0 ; 540.0 ; 0.0 ; 0.0 ; 547.1630789302017 ; 0.0 ; -0.0 ; 0.0 ; 0.0 ; 2486 ; 10773 ; 8287 ; 16666.666666666668 ; 4166.666666666667 ; 2613.0403550027104 ; 0.0 ; 1742.0269033351397 ; 0.0 ; 2613.0403550027113 ; 1742.0269033351397 ; 4166.666666666667 ; 0.1141552511415525 ; 0.0 ; 0.1141552511415525 ; 0.0 ; 0.0 ; 0.0 ; 0.0 
2023-01-01T02:00:00 ; 0.0 ; 0.0 ; 0.0 ; 0.0 ; 0.0 ; 0.0 ; 0.0 ; 0.0 ; 0.0 ; 0.0 ; 810.0 ; 810.0 ; 810.0 ; 810.0 ; 1170.0 ; 1170.0 ; 540.0 ; 540.0 ; 540.0 ; 540.0 ; 0.0 ; 0.0 ; 1330.1630789302017 ; 0.0 ; -0.0 ; 0.0 ; 0.0 ; 1361 ; 10431 ; 9070 ; 16666.666666666668 ; 4166.666666666667 ; 2613.0403550027095 ; 0.0 ; 1742.0269033351397 ; 0.0 ; 5226.080710005422 ; 3484.0538066702793 ; 4166.666666666667 ; 0.1141552511415525 ; 0.0 ; 0.1141552511415525 ; 0.0 ; 0.0 ; 0.0 ; 0.0 
2023-01-01T03:00:00 ; 0.0 ; 0.0 ; 0.0 ; 0.0 ; 0.0 ; 0.0 ; 0.0 ; 0.0 ; 0.0 ; 0.0 ; 810.0 ; 810.0 ; 810.0 ; 810.0 ; 1170.0 ; 1170.0 ; 540.0 ; 540.0 ; 540.0 ; 540.0 ; 0.0 ; 0.0 ; 982.1630789302017 ; 0.0 ; 0.0 ; 0.0 ; 0.0 ; 1243 ; 9965 ; 8722 ; 16666.666666666668 ; 4166.666666666667 ; 2613.0403550027095 ; 0.0 ; 1742.0269033351397 ; 0.0 ; 7839.121065008131 ; 5226.080710005419 ; 4166.666666666667 ; 0.1141552511415525 ; 0.0 ; 0.1141552511415525 ; 0.0 ; 0.0 ; 0.0 ; 0.0 
2023-01-01T04:00:00 ; 0.0 ; 0.0 ; 0.0 ; 0.0 ; 0.0 ; 0.0 ; 0.0 ; 0.0 ; 0.0 ; 0.0 ; 810.0 ; 810.0 ; 810.0 ; 810.0 ; 1170.0 ; 1170.0 ; 540.0 ; 540.0 ; 540.0 ; 540.0 ; 0.0 ; 0.0 ; 605.1630789302017 ; 0.0 ; 0.0 ; 0.0 ; 0.0 ; 1482 ; 9827 ; 8345 ; 16666.666666666668 ; 4166.666666666667 ; 2613.0403550027095 ; 0.0 ; 1742.0269033351397 ; 0.0 ; 10452.161420010842 ; 6968.107613340559 ; 4166.666666666667 ; 0.1141552511415525 ; 0.0 ; 0.1141552511415525 ; 0.0 ; 0.0 ; 0.0 ; 0.0 
2023-01-01T05:00:00 ; 0.0 ; 0.0 ; 0.0 ; 0.0 ; 0.0 ; 0.0 ; 0.0 ; 0.0 ; 0.0 ; 0.0 ; 810.0 ; 810.0 ; 810.0 ; 810.0 ; 1170.0 ; 1170.0 ; 540.0 ; 540.0 ; 540.0 ; 540.0 ; 0.0 ; 0.0 ; 1057.1630789302017 ; 0.0 ; 0.0 ; 0.0 ; 0.0 ; 1319 ; 10116 ; 8797 ; 16666.666666666668 ; 4166.666666666667 ; 2613.0403550027095 ; 0.0 ; 1742.0269033351397 ; 0.0 ; 13065.201775013551 ; 8710.134516675698 ; 4166.666666666667 ; 0.1141552511415525 ; 0.0 ; 0.1141552511415525 ; 0.0 ; 0.0 ; 0.0 ; 0.0 
2023-01-01T06:00:00 ; 0.0 ; 0.0 ; 0.0 ; 0.0 ; 0.0 ; 0.0 ; 0.0 ; 0.0 ; 0.0 ; 0.0 ; 810.0 ; 810.0 ; 810.0 ; 810.0 ; 1170.0 ; 1170.0 ; 540.0 ; 540.0 ; 540.0 ; 540.0 ; 0.0 ; 0.0 ; 1365.1630789302017 ; 0.0 ; -0.0 ; 0.0 ; 0.0 ; 1603 ; 10708 ; 9105 ; 16666.666666666668 ; 4166.666666666667 ; 2613.0403550027095 ; 0.0 ; 1742.0269033351397 ; 0.0 ; 15678.24213001626 ; 10452.161420010838 ; 4166.666666666667 ; 0.1141552511415525 ; 0.0 ; 0.1141552511415525 ; 0.0 ; 0.0 ; 0.0 ; 0.0 
2023-01-01T07:00:00 ; 0.0 ; 0.0 ; 0.0 ; 0.0 ; 0.0 ; 0.0 ; 0.0 ; 0.0 ; 0.0 ; 0.0 ; 810.0 ; 810.0 ; 810.0 ; 810.0 ; 1170.0 ; 1170.0 ; 540.0 ; 540.0 ; 540.0 ; 540.0 ; 0.0 ; 0.0 ; 1786.1630789302017 ; 0.0 ; 0.0 ; 0.0 ; 0.0 ; 1669 ; 11195 ; 9526 ; 16666.666666666668 ; 4166.666666666667 ; 2613.0403550027095 ; 0.0 ; 1742.0269033351397 ; 0.0 ; 18291.28248501897 ; 12194.188323345978 ; 4166.666666666667 ; 0.1141552511415525 ; 0.0 ; 0.1141552511415525 ; 0.0 ; 0.0 ; 0.0 ; 0.0 
2023-01-01T08:00:00 ; 0.0 ; 0.0 ; 0.0 ; 0.0 ; 0.0 ; 0.0 ; 0.0 ; 0.0 ; 0.0 ; 0.0 ; 810.0 ; 810.0 ; 810.0 ; 810.0 ; 1170.0 ; 1170.0 ; 540.0 ; 540.0 ; 540.0 ; 540.0 ; 0.0 ; 0.0 ; 1233.1630789302017 ; 0.0 ; 0.0 ; 0.0 ; 0.0 ; 2507 ; 11480 ; 8973 ; 16666.666666666668 ; 4166.666666666667 ; 2613.0403550027104 ; 0.0 ; 1742.0269033351397 ; 0.0 ; 20904.322840021683 ; 13936.215226681117 ; 4166.666666666667 ; 0.1141552511415525 ; 0.0 ; 0.1141552511415525 ; 0.0 ; 0.0 ; 0.0 ; 0.0 
2023-01-01T09:00:00 ; 0.0 ; 0.0 ; 0.0 ; 0.0 ; 0.0 ; 0.0 ; 0.0 ; 0.0 ; 0.0 ; 0.0 ; 810.0 ; 810.0 ; 810.0 ; 810.0 ; 1170.0 ; 1170.0 ; 540.0 ; 540.0 ; 540.0 ; 540.0 ; 0.0 ; 0.0 ; 1421.1630789302017 ; 0.0 ; 0.0 ; 0.0 ; 0.0 ; 2551 ; 11712 ; 9161 ; 16666.666666666668 ; 4166.666666666667 ; 2613.0403550027104 ; 0.0 ; 1742.0269033351397 ; 0.0 ; 23517.363195024394 ; 15678.242130016257 ; 4166.666666666667 ; 0.1141552511415525 ; 0.0 ; 0.1141552511415525 ; 0.0 ; 0.0 ; 0.0 ; 0.0 
2023-01-01T10:00:00 ; 0.0 ; 0.0 ; 0.0 ; 0.0 ; 0.0 ; 0.0 ; 0.0 ; 0.0 ; 0.0 ; 0.0 ; 810.0 ; 810.0 ; 810.0 ; 810.0 ; 1170.0 ; 1170.0 ; 540.0 ; 540.0 ; 540.0 ; 540.0 ; 0.0 ; 0.0 ; 1134.1630789302017 ; 0.0 ; 0.0 ; 0.0 ; 0.0 ; 2968 ; 11842 ; 8874 ; 16666.666666666668 ; 4166.666666666667 ; 2613.0403550027104 ; 0.0 ; 1742.0269033351397 ; 0.0 ; 26130.403550027106 ; 17420.269033351397 ; 4166.666666666667 ; 0.1141552511415525 ; 0.0 ; 0.1141552511415525 ; 0.0 ; 0.0 ; 0.0 ; 0.0 
2023-01-01T11:00:00 ; 0.0 ; 0.0 ; 0.0 ; 0.0 ; 0.0 ; 0.0 ; 0.0 ; 0.0 ; 0.0 ; 0.0 ; 810.0 ; 810.0 ; 810.0 ; 810.0 ; 1170.0 ; 1170.0 ; 540.0 ; 540.0 ; 540.0 ; 540.0 ; 0.0 ; 0.0 ; 810.1630789302017 ; 0.0 ; 0.0 ; 0.0 ; 0.0 ; 3427 ; 11977 ; 8550 ; 16666.666666666668 ; 4166.666666666667 ; 2613.0403550027095 ; 0.0 ; 1742.0269033351397 ; 0.0 ; 28743.443905029817 ; 19162.295936686536 ; 4166.666666666667 ; 0.1141552511415525 ; 0.0 ; 0.1141552511415525 ; 0.0 ; 0.0 ; 0.0 ; 0.0 
2023-01-01T12:00:00 ; 0.0 ; 0.0 ; 0.0 ; 0.0 ; 0.0 ; 0.0 ; 0.0 ; 0.0 ; 0.0 ; 0.0 ; 810.0 ; 810.0 ; 810.0 ; 810.0 ; 1170.0 ; 1170.0 ; 540.0 ; 540.0 ; 540.0 ; 540.0 ; 0.0 ; 0.0 ; 717.1630789302017 ; 0.0 ; 0.0 ; 0.0 ; 0.0 ; 3743 ; 12200 ; 8457 ; 16666.666666666668 ; 4166.666666666667 ; 2613.0403550027104 ; 0.0 ; 1742.0269033351397 ; 0.0 ; 31356.48426003253 ; 20904.322840021676 ; 4166.666666666667 ; 0.1141552511415525 ; 0.0 ; 0.1141552511415525 ; 0.0 ; 0.0 ; 0.0 ; 0.0 
2023-01-01T13:00:00 ; 0.0 ; 0.0 ; 0.0 ; 0.0 ; 0.0 ; 0.0 ; 0.0 ; 0.0 ; 0.0 ; 0.0 ; 810.0 ; 810.0 ; 810.0 ; 810.0 ; 1170.0 ; 1170.0 ; 540.0 ; 540.0 ; 540.0 ; 540.0 ; 0.0 ; 0.0 ; 239.16307893020257 ; 0.0 ; 0.0 ; 0.0 ; 0.0 ; 3793 ; 11772 ; 7979 ; 16666.666666666668 ; 4166.666666666667 ; 2613.0403550027104 ; 0.0 ; 1742.0269033351397 ; 0.0 ; 33969.52461503524 ; 22646.349743356815 ; 4166.666666666667 ; 0.1141552511415525 ; 0.0 ; 0.1141552511415525 ; 0.0 ; 0.0 ; 0.0 ; 0.0 
2023-01-01T14:00:00 ; 0.0 ; 0.0 ; 0.0 ; 0.0 ; 0.0 ; 0.0 ; 0.0 ; 0.0 ; 0.0 ; 0.0 ; 810.0 ; 810.0 ; 810.0 ; 810.0 ; 1170.0 ; 1170.0 ; 540.0 ; 540.0 ; 540.0 ; 540.0 ; 0.0 ; 0.0 ; 0.0 ; 313.8369210697974 ; 0.0 ; 0.0 ; 0.0 ; 3979 ; 11405 ; 7426 ; 16666.666666666668 ; 4166.666666666667 ; 2613.0403550027104 ; 0.0 ; 1742.0269033351397 ; 0.0 ; 36582.56497003795 ; 24388.376646691955 ; 4166.666666666667 ; 0.1141552511415525 ; 0.0 ; 0.1141552511415525 ; 0.0 ; 0.0 ; 0.0 ; 0.0 
2023-01-01T15:00:00 ; 0.0 ; 0.0 ; 0.0 ; 0.0 ; 0.0 ; 0.0 ; 0.0 ; 0.0 ; 0.0 ; 0.0 ; 810.0 ; 810.0 ; 810.0 ; 810.0 ; 1170.0 ; 1170.0 ; 210.0 ; 391.1630789302026 ; 540.0 ; 540.0 ; 0.0 ; 0.0 ; 0.0 ; 0.0 ; 0.0 ; 0.0 ; 0.0 ; 3886 ; 11147 ; 7261 ; 16666.666666666668 ; 4166.666666666667 ; 2613.0403550027104 ; 0.0 ; 1742.0269033351397 ; 0.0 ; 39195.60532504066 ; 26130.403550027095 ; 4166.666666666667 ; 0.1141552511415525 ; 0.0 ; 0.1141552511415525 ; 0.0 ; 0.0 ; 0.0 ; 0.0 
2023-01-01T16:00:00 ; 0.0 ; 0.0 ; 0.0 ; 0.0 ; 0.0 ; 0.0 ; 0.0 ; 0.0 ; 0.0 ; 0.0 ; 810.0 ; 810.0 ; 810.0 ; 810.0 ; 1170.0 ; 1170.0 ; 210.0 ; 519.1630789302026 ; 540.0 ; 540.0 ; 0.0 ; 0.0 ; 0.0 ; 0.0 ; 0.0 ; 0.0 ; 0.0 ; 3680 ; 11069 ; 7389 ; 16666.666666666668 ; 4166.666666666667 ; 8333.333333333334 ; 0.0 ; 0.0 ; 3978.266074995484 ; 41808.64568004337 ; 27872.430453362234 ; -1553.6263116639566 ; 0.1141552511415525 ; 0.0 ; 0.1141552511415525 ; 0.0 ; 0.0 ; 0.0 ; 0.0 
2023-01-01T17:00:00 ; 0.0 ; 0.0 ; 0.0 ; 0.0 ; 0.0 ; 0.0 ; 0.0 ; 0.0 ; 0.0 ; 0.0 ; 810.0 ; 810.0 ; 810.0 ; 810.0 ; 1170.0 ; 1170.0 ; 540.0 ; 540.0 ; 540.0 ; 540.0 ; 0.0 ; 0.0 ; 181.7853881278545 ; 0.0 ; 235.37769080234807 ; 0.0 ; 0.0 ; 3443 ; 11600 ; 8157 ; 16666.666666666668 ; 4166.666666666667 ; 2613.0403550027104 ; 0.0 ; 1742.0269033351397 ; 0.0 ; 50141.97901337671 ; 23894.16437836675 ; 4166.666666666667 ; 0.1141552511415525 ; 0.0 ; 0.1141552511415525 ; 0.0 ; 0.0 ; 0.0 ; 0.0 
2023-01-01T18:00:00 ; 0.0 ; 0.0 ; 0.0 ; 0.0 ; 0.0 ; 0.0 ; 0.0 ; 0.0 ; 0.0 ; 0.0 ; 810.0 ; 810.0 ; 810.0 ; 810.0 ; 1170.0 ; 1170.0 ; 540.0 ; 540.0 ; 540.0 ; 540.0 ; 0.0 ; 0.0 ; 1390.1630789302017 ; 0.0 ; 0.0 ; 0.0 ; 0.0 ; 2941 ; 12071 ; 9130 ; 16666.666666666668 ; 4166.666666666667 ; 8333.333333333334 ; 0.0 ; 0.0 ; 3978.266074995484 ; 52755.01936837942 ; 25636.19128170189 ; -1553.6263116639566 ; 0.1141552511415525 ; 0.0 ; 0.1141552511415525 ; 0.0 ; 0.0 ; 0.0 ; 0.0 
2023-01-01T19:00:00 ; 0.0 ; 0.0 ; 0.0 ; 0.0 ; 0.0 ; 0.0 ; 0.0 ; 0.0 ; 0.0 ; 0.0 ; 810.0 ; 810.0 ; 810.0 ; 810.0 ; 1170.0 ; 1170.0 ; 540.0 ; 540.0 ; 540.0 ; 540.0 ; 0.0 ; 0.0 ; 1988.1630789302017 ; 0.0 ; 0.0 ; 0.0 ; 0.0 ; 2376 ; 12104 ; 9728 ; 16666.666666666668 ; 4166.666666666667 ; 4123.181848709023 ; 0.0 ; 231.8854096288269 ; 0.0 ; 61088.352701712756 ; 21657.925206706404 ; 2656.525172960354 ; 0.1141552511415525 ; 0.0 ; 0.1141552511415525 ; 0.0 ; 0.0 ; 0.0 ; 0.0 
2023-01-01T20:00:00 ; 0.0 ; 0.0 ; 0.0 ; 0.0 ; 0.0 ; 0.0 ; 0.0 ; 0.0 ; 0.0 ; 0.0 ; 810.0 ; 810.0 ; 810.0 ; 810.0 ; 1170.0 ; 1170.0 ; 540.0 ; 540.0 ; 540.0 ; 540.0 ; 0.0 ; 0.0 ; 1237.1630789302017 ; 0.0 ; 0.0 ; 0.0 ; 0.0 ; 2607 ; 11584 ; 8977 ; 16666.666666666668 ; 4166.666666666667 ; 8333.333333333334 ; 0.0 ; 0.0 ; 3978.266074995484 ; 65211.53455042178 ; 21889.81061633523 ; -1553.6263116639566 ; 0.1141552511415525 ; 0.0 ; 0.1141552511415525 ; 0.0 ; 0.0 ; 0.0 ; 0.0 
2023-01-01T21:00:00 ; 0.0 ; 0.0 ; 0.0 ; 0.0 ; 0.0 ; 0.0 ; 0.0 ; 0.0 ; 0.0 ; 0.0 ; 810.0 ; 810.0 ; 810.0 ; 810.0 ; 1170.0 ; 1170.0 ; 540.0 ; 540.0 ; 540.0 ; 540.0 ; 0.0 ; 0.0 ; 934.1630789302017 ; 0.0 ; 0.0 ; 0.0 ; 0.0 ; 2430 ; 11104 ; 8674 ; 16666.666666666668 ; 4166.666666666667 ; 2613.0403550027104 ; 0.0 ; 1742.0269033351397 ; 0.0 ; 73544.86788375511 ; 17911.544541339747 ; 4166.666666666667 ; 0.1141552511415525 ; 0.0 ; 0.1141552511415525 ; 0.0 ; 0.0 ; 0.0 ; 0.0 
2023-01-01T22:00:00 ; 0.0 ; 0.0 ; 0.0 ; 0.0 ; 0.0 ; 0.0 ; 0.0 ; 0.0 ; 0.0 ; 0.0 ; 810.0 ; 810.0 ; 810.0 ; 810.0 ; 1170.0 ; 1170.0 ; 540.0 ; 540.0 ; 540.0 ; 540.0 ; 0.0 ; 0.0 ; 709.1630789302017 ; 0.0 ; -0.0 ; 0.0 ; 0.0 ; 2978 ; 11427 ; 8449 ; 16666.666666666668 ; 4166.666666666667 ; 8333.333333333334 ; 0.0 ; 0.0 ; 3978.266074995484 ; 76157.90823875782 ; 19653.571444674886 ; -1553.6263116639566 ; 0.1141552511415525 ; 0.0 ; 0.1141552511415525 ; 0.0 ; 0.0 ; 0.0 ; 0.0 
2023-01-01T23:00:00 ; 0.0 ; 0.0 ; 0.0 ; 0.0 ; 0.0 ; 0.0 ; 0.0 ; 0.0 ; 0.0 ; 0.0 ; 810.0 ; 810.0 ; 810.0 ; 810.0 ; 1170.0 ; 1170.0 ; 540.0 ; 540.0 ; 540.0 ; 540.0 ; 0.0 ; 0.0 ; 651.1630789302017 ; 0.0 ; -0.0 ; 0.0 ; 0.0 ; 3218 ; 11609 ; 8391 ; 16666.666666666668 ; 4166.666666666667 ; 8333.333333333334 ; 0.0 ; 0.0 ; 3978.266074995484 ; 84491.24157209115 ; 15675.305369679401 ; -1553.6263116639566 ; 0.1141552511415525 ; 0.0 ; 0.1141552511415525 ; 0.0 ; 0.0 ; 0.0 ; 0.0 
2023-01-02T00:00:00 ; 0.0 ; 0.0 ; 0.0 ; 0.0 ; 0.0 ; 0.0 ; 0.0 ; 0.0 ; 0.0 ; 0.0 ; 810.0 ; 810.0 ; 810.0 ; 810.0 ; 1170.0 ; 1170.0 ; 540.0 ; 540.0 ; 540.0 ; 540.0 ; 0.0 ; 0.0 ; 1219.1630789302017 ; 0.0 ; -0.0 ; 0.0 ; 0.0 ; 2085 ; 11044 ; 8959 ; 16666.666666666668 ; 4166.666666666667 ; 8333.333333333334 ; 0.0 ; 0.0 ; 3899.0130982279725 ; 92824.57490542448 ; 11697.039294683917 ; -1506.0745256034497 ; 0.1141552511415525 ; 0.0 ; 0.1141552511415525 ; 0.0 ; 0.0 ; 0.0 ; 0.0 
2023-01-02T01:00:00 ; 0.0 ; 0.0 ; 0.0 ; 0.0 ; 0.0 ; 0.0 ; 0.0 ; 0.0 ; 0.0 ; 0.0 ; 810.0 ; 810.0 ; 810.0 ; 810.0 ; 1170.0 ; 1170.0 ; 540.0 ; 540.0 ; 540.0 ; 540.0 ; 0.0 ; 0.0 ; 852.1630789302017 ; 0.0 ; -0.0 ; 0.0 ; 0.0 ; 2211 ; 10803 ; 8592 ; 16666.666666666668 ; 4166.666666666667 ; 8333.333333333334 ; 0.0 ; 0.0 ; 3899.0130982279725 ; 101157.90823875781 ; 7798.026196455945 ; -1506.0745256034497 ; 0.1141552511415525 ; 0.0 ; 0.1141552511415525 ; 0.0 ; 0.0 ; 0.0 ; 0.0 
2023-01-02T02:00:00 ; 0.0 ; 0.0 ; 0.0 ; 0.0 ; 0.0 ; 0.0 ; 0.0 ; 0.0 ; 0.0 ; 0.0 ; 810.0 ; 810.0 ; 810.0 ; 810.0 ; 1170.0 ; 1170.0 ; 540.0 ; 540.0 ; 540.0 ; 540.0 ; 0.0 ; 0.0 ; 320.1630789302026 ; 0.0 ; -0.0 ; 0.0 ; 0.0 ; 2455 ; 10515 ; 8060 ; 16666.666666666668 ; 4166.666666666667 ; 8333.333333333334 ; 0.0 ; 0.0 ; 3899.0130982279725 ; 109491.24157209114 ; 3899.0130982279725 ; -1506.0745256034497 ; 0.1141552511415525 ; 0.0 ; 0.1141552511415525 ; 0.0 ; 0.0 ; 0.0 ; 0.0 
2023-01-02T03:00:00 ; 0.0 ; 0.0 ; 0.0 ; 0.0 ; 0.0 ; 0.0 ; 0.0 ; 0.0 ; 0.0 ; 0.0 ; 810.0 ; 810.0 ; 810.0 ; 810.0 ; 1170.0 ; 1170.0 ; 476.1630789302026 ; 540.0 ; 540.0 ; 540.0 ; 0.0 ; 0.0 ; 0.0 ; 0.0 ; 0.0 ; 0.0 ; 0.0 ; 2387 ; 10063 ; 7676 ; 16666.666666666668 ; 4166.666666666667 ; 4434.3202351053615 ; 0.0 ; 0.0 ; 0.0 ; 117824.57490542447 ; 0.0 ; 2392.9385726245227 ; 0.1141552511415525 ; 0.0 ; 0.1141552511415525 ; 0.0 ; 0.0 ; 0.0 ; 0.0 
2023-01-02T04:00:00 ; 0.0 ; 0.0 ; 0.0 ; 0.0 ; 0.0 ; 0.0 ; 0.0 ; 0.0 ; 0.0 ; 0.0 ; 810.0 ; 810.0 ; 810.0 ; 810.0 ; 1170.0 ; 1170.0 ; 540.0 ; 540.0 ; 540.0 ; 540.0 ; 0.0 ; 0.0 ; 0.0 ; 59.83692106979743 ; 0.0 ; 0.0 ; 0.0 ; 2246 ; 9926 ; 7680 ; 16666.666666666668 ; 4166.666666666667 ; 2660.5921410632163 ; 0.0 ; 1773.7280940421442 ; 0.0 ; 122258.89514052983 ; 0.0 ; 4166.666666666667 ; 0.1141552511415525 ; 0.0 ; 0.1141552511415525 ; 0.0 ; 0.0 ; 0.0 ; 0.0 
2023-01-02T05:00:00 ; 0.0 ; 0.0 ; 0.0 ; 0.0 ; 0.0 ; 0.0 ; 0.0 ; 0.0 ; 0.0 ; 0.0 ; 810.0 ; 810.0 ; 810.0 ; 810.0 ; 1170.0 ; 1170.0 ; 540.0 ; 540.0 ; 540.0 ; 540.0 ; 0.0 ; 0.0 ; 81.2853881278545 ; 0.0 ; 44.87769080234807 ; 0.0 ; 0.0 ; 2293 ; 10159 ; 7866 ; 16666.666666666668 ; 4166.666666666667 ; 2660.5921410632172 ; 0.0 ; 1773.7280940421442 ; 0.0 ; 124919.48728159304 ; 1773.7280940421442 ; 4166.666666666667 ; 0.1141552511415525 ; 0.0 ; 0.1141552511415525 ; 0.0 ; 0.0 ; 0.0 ; 0.0 
2023-01-02T06:00:00 ; 0.0 ; 0.0 ; 0.0 ; 0.0 ; 0.0 ; 0.0 ; 0.0 ; 0.0 ; 0.0 ; 0.0 ; 810.0 ; 810.0 ; 810.0 ; 810.0 ; 1170.0 ; 1170.0 ; 540.0 ; 540.0 ; 540.0 ; 540.0 ; 0.0 ; 0.0 ; 434.1630789302026 ; 0.0 ; -0.0 ; 0.0 ; 0.0 ; 2437 ; 10611 ; 8174 ; 16666.666666666668 ; 4166.666666666667 ; 5856.491419003822 ; 0.0 ; 0.0 ; 1422.1711838984602 ; 127580.07942265626 ; 3547.4561880842884 ; 970.7673887260626 ; 0.1141552511415525 ; 0.0 ; 0.1141552511415525 ; 0.0 ; 0.0 ; 0.0 ; 0.0 
2023-01-02T07:00:00 ; 0.0 ; 0.0 ; 0.0 ; 0.0 ; 0.0 ; 0.0 ; 0.0 ; 0.0 ; 0.0 ; 0.0 ; 810.0 ; 810.0 ; 810.0 ; 810.0 ; 1170.0 ; 1170.0 ; 540.0 ; 540.0 ; 540.0 ; 540.0 ; 0.0 ; 0.0 ; 493.16307893020166 ; 0.0 ; -0.0 ; 0.0 ; 0.0 ; 2799 ; 11032 ; 8233 ; 16666.666666666668 ; 4166.666666666667 ; 2660.5921410632172 ; 0.0 ; 1773.7280940421442 ; 0.0 ; 133436.57084166008 ; 2125.2850041858283 ; 4166.666666666667 ; 0.1141552511415525 ; 0.0 ; 0.1141552511415525 ; 0.0 ; 0.0 ; 0.0 ; 0.0 
2023-01-02T08:00:00 ; 0.0 ; 0.0 ; 0.0 ; 0.0 ; 0.0 ; 0.0 ; 0.0 ; 0.0 ; 0.0 ; 0.0 ; 810.0 ; 810.0 ; 810.0 ; 810.0 ; 1170.0 ; 1170.0 ; 540.0 ; 540.0 ; 540.0 ; 540.0 ; 0.0 ; 0.0 ; 465.16307893020166 ; 0.0 ; 0.0 ; 0.0 ; 0.0 ; 3210 ; 11415 ; 8205 ; 16666.666666666668 ; 4166.666666666667 ; 8333.333333333334 ; 0.0 ; 0.0 ; 3899.0130982279725 ; 136097.1629827233 ; 3899.0130982279725 ; -1506.0745256034497 ; 0.1141552511415525 ; 0.0 ; 0.1141552511415525 ; 0.0 ; 0.0 ; 0.0 ; 0.0 
2023-01-02T09:00:00 ; 0.0 ; 0.0 ; 0.0 ; 0.0 ; 0.0 ; 0.0 ; 0.0 ; 0.0 ; 0.0 ; 0.0 ; 810.0 ; 810.0 ; 810.0 ; 810.0 ; 1170.0 ; 1170.0 ; 540.0 ; 540.0 ; 540.0 ; 540.0 ; 0.0 ; 0.0 ; 184.16307893020257 ; 0.0 ; 0.0 ; 0.0 ; 0.0 ; 3743 ; 11667 ; 7924 ; 16666.666666666668 ; 4166.666666666667 ; 2660.5921410632172 ; 0.0 ; 1773.7280940421442 ; 0.0 ; 144430.49631605664 ; 0.0 ; 4166.666666666667 ; 0.1141552511415525 ; 0.0 ; 0.1141552511415525 ; 0.0 ; 0.0 ; 0.0 ; 0.0 
2023-01-02T10:00:00 ; 0.0 ; 0.0 ; 0.0 ; 0.0 ; 0.0 ; 0.0 ; 0.0 ; 0.0 ; 0.0 ; 0.0 ; 810.0 ; 810.0 ; 810.0 ; 810.0 ; 1170.0 ; 1170.0 ; 210.16307893020257 ; 540.0 ; 540.0 ; 540.0 ; 0.0 ; 0.0 ; 0.0 ; -0.0 ; 0.0 ; 0.0 ; 0.0 ; 4354 ; 11764 ; 7410 ; 16666.666666666668 ; 4166.666666666667 ; 2660.5921410632172 ; 0.0 ; 1773.7280940421442 ; 0.0 ; 147091.08845711985 ; 1773.7280940421442 ; 4166.666666666667 ; 0.1141552511415525 ; 0.0 ; 0.1141552511415525 ; 0.0 ; 0.0 ; 0.0 ; 0.0 
2023-01-02T11:00:00 ; 0.0 ; 0.0 ; 0.0 ; 0.0 ; 0.0 ; 0.0 ; 0.0 ; 0.0 ; 0.0 ; 0.0 ; 810.0 ; 810.0 ; 810.0 ; 810.0 ; 1170.0 ; 1170.0 ; 210.0 ; 210.0 ; 220.16307893020257 ; 540.0 ; 0.0 ; 0.0 ; 0.0 ; 0.0 ; 0.0 ; 0.0 ; 0.0 ; 5072 ; 11832 ; 6760 ; 16666.666666666668 ; 4166.666666666667 ; 2660.5921410632172 ; 0.0 ; 1773.7280940421442 ; 0.0 ; 149751.68059818307 ; 3547.4561880842884 ; 4166.666666666667 ; 0.1141552511415525 ; 0.0 ; 0.1141552511415525 ; 0.0 ; 0.0 ; 0.0 ; 0.0 
2023-01-02T12:00:00 ; 0.0 ; 0.0 ; 0.0 ; 0.0 ; 0.0 ; 0.0 ; 0.0 ; 0.0 ; 0.0 ; 0.0 ; 810.0 ; 810.0 ; 810.0 ; 810.0 ; 1170.0 ; 1170.0 ; 210.0 ; 210.0 ; 210.0 ; 333.1630789302026 ; 0.0 ; 0.0 ; 0.0 ; 0.0 ; 0.0 ; 0.0 ; 0.0 ; 5530 ; 12073 ; 6543 ; 16666.666666666668 ; 4166.666666666667 ; 2660.5921410632172 ; 0.0 ; 1773.7280940421442 ; 0.0 ; 152412.27273924628 ; 5321.184282126433 ; 4166.666666666667 ; 0.1141552511415525 ; 0.0 ; 0.1141552511415525 ; 0.0 ; 0.0 ; 0.0 ; 0.0 
2023-01-02T13:00:00 ; 0.0 ; 0.0 ; 0.0 ; 0.0 ; 0.0 ; 0.0 ; 0.0 ; 0.0 ; 0.0 ; 0.0 ; 810.0 ; 810.0 ; 810.0 ; 810.0 ; 1170.0 ; 1170.0 ; 210.0 ; 210.0 ; 210.0 ; 297.85540334855494 ; 0.0 ; 0.0 ; 0.0 ; 483.69232441835237 ; 0.0 ; 0.0 ; 0.0 ; 5649 ; 11673 ; 6024 ; 16666.666666666668 ; 4166.666666666667 ; 8333.333333333334 ; 0.0 ; 0.0 ; 3899.0130982279725 ; 155072.8648803095 ; 7094.912376168577 ; -1506.0745256034497 ; 0.1141552511415525 ; 0.0 ; 0.1141552511415525 ; 0.0 ; 0.0 ; 0.0 ; 0.0 
2023-01-02T14:00:00 ; 0.0 ; 0.0 ; 0.0 ; 0.0 ; 0.0 ; 0.0 ; 0.0 ; 0.0 ; 0.0 ; 0.0 ; 810.0 ; 810.0 ; 810.0 ; 810.0 ; 1170.0 ; 1170.0 ; 210.0 ; 210.0 ; 210.0 ; 210.0 ; 0.0 ; 0.0 ; 0.0 ; 762.8369210697974 ; 0.0 ; 0.0 ; 0.0 ; 5660 ; 11317 ; 5657 ; 16666.666666666668 ; 4166.666666666667 ; 2660.5921410632172 ; 0.0 ; 1773.7280940421442 ; 0.0 ; 163406.19821364284 ; 3195.8992779406044 ; 4166.666666666667 ; 0.1141552511415525 ; 0.0 ; 0.1141552511415525 ; 0.0 ; 0.0 ; 0.0 ; 0.0 
2023-01-02T15:00:00 ; 0.0 ; 0.0 ; 0.0 ; 0.0 ; 0.0 ; 0.0 ; 0.0 ; 0.0 ; 0.0 ; 0.0 ; 810.0 ; 810.0 ; 810.0 ; 810.0 ; 1170.0 ; 1170.0 ; 210.0 ; 210.0 ; 210.0 ; 210.0 ; 0.0 ; 0.0 ; 0.0 ; 786.8369210697974 ; 0.0 ; 0.0 ; 0.0 ; 5464 ; 11097 ; 5633 ; 16666.666666666668 ; 4166.666666666667 ; 2660.5921410632172 ; 0.0 ; 1773.7280940421442 ; 0.0 ; 166066.79035470606 ; 4969.627371982749 ; 4166.666666666667 ; 0.1141552511415525 ; 0.0 ; 0.1141552511415525 ; 0.0 ; 0.0 ; 0.0 ; 0.0 
2023-01-02T16:00:00 ; 0.0 ; 0.0 ; 0.0 ; 0.0 ; 0.0 ; 0.0 ; 0.0 ; 0.0 ; 0.0 ; 0.0 ; 810.0 ; 810.0 ; 810.0 ; 810.0 ; 1170.0 ; 1170.0 ; 210.0 ; 210.0 ; 210.0 ; 210.0 ; 0.0 ; 0.0 ; 0.0 ; 496.8369210697974 ; 0.0 ; 0.0 ; 0.0 ; 5185 ; 11108 ; 5923 ; 16666.666666666668 ; 4166.666666666667 ; 6251.99454972873 ; 0.0 ; 0.0 ; 1817.6743146233684 ; 168727.38249576927 ; 6743.355466024893 ; 575.2642580011543 ; 0.1141552511415525 ; 0.0 ; 0.1141552511415525 ; 0.0 ; 0.0 ; 0.0 ; 0.0 
2023-01-02T17:00:00 ; 0.0 ; 0.0 ; 0.0 ; 0.0 ; 0.0 ; 0.0 ; 0.0 ; 0.0 ; 0.0 ; 0.0 ; 810.0 ; 810.0 ; 810.0 ; 810.0 ; 1170.0 ; 1170.0 ; 210.0 ; 210.0 ; 278.1630789302026 ; 540.0 ; 0.0 ; 0.0 ; 0.0 ; 0.0 ; 0.0 ; 0.0 ; 0.0 ; 4872 ; 11690 ; 6818 ; 16666.666666666668 ; 4166.666666666667 ; 2660.5921410632172 ; 0.0 ; 1773.7280940421442 ; 0.0 ; 174979.377045498 ; 4925.681151401524 ; 4166.666666666667 ; 0.1141552511415525 ; 0.0 ; 0.1141552511415525 ; 0.0 ; 0.0 ; 0.0 ; 0.0 
2023-01-02T18:00:00 ; 0.0 ; 0.0 ; 0.0 ; 0.0 ; 0.0 ; 0.0 ; 0.0 ; 0.0 ; 0.0 ; 0.0 ; 810.0 ; 810.0 ; 810.0 ; 810.0 ; 1170.0 ; 1170.0 ; 515.1630789302026 ; 540.0 ; 540.0 ; 540.0 ; 0.0 ; 0.0 ; 0.0 ; 0.0 ; 0.0 ; 0.0 ; 0.0 ; 4147 ; 11862 ; 7715 ; 16666.666666666668 ; 4166.666666666667 ; 2660.5921410632172 ; 0.0 ; 1773.7280940421442 ; 0.0 ; 177639.9691865612 ; 6699.409245443669 ; 4166.666666666667 ; 0.1141552511415525 ; 0.0 ; 0.1141552511415525 ; 0.0 ; 0.0 ; 0.0 ; 0.0 
2023-01-02T19:00:00 ; 0.0 ; 0.0 ; 0.0 ; 0.0 ; 0.0 ; 0.0 ; 0.0 ; 0.0 ; 0.0 ; 0.0 ; 810.0 ; 810.0 ; 810.0 ; 810.0 ; 1170.0 ; 1170.0 ; 540.0 ; 540.0 ; 540.0 ; 540.0 ; 0.0 ; 0.0 ; 0.0 ; 0.0 ; 484.16307893020166 ; 0.0 ; 0.0 ; 3463 ; 11687 ; 8224 ; 16666.666666666668 ; 4166.666666666667 ; 2660.5921410632172 ; 0.0 ; 1773.7280940421442 ; 0.0 ; 180300.56132762443 ; 8473.137339485813 ; 4166.666666666667 ; 0.1141552511415525 ; 0.0 ; 0.1141552511415525 ; 0.0 ; 0.0 ; 0.0 ; 0.0 
2023-01-02T20:00:00 ; 0.0 ; 0.0 ; 0.0 ; 0.0 ; 0.0 ; 0.0 ; 0.0 ; 0.0 ; 0.0 ; 0.0 ; 810.0 ; 810.0 ; 810.0 ; 810.0 ; 1170.0 ; 1170.0 ; 540.0 ; 540.0 ; 540.0 ; 540.0 ; 0.0 ; 0.0 ; 0.0 ; 0.0 ; 315.1630789302026 ; 0.0 ; 0.0 ; 3037 ; 11092 ; 8055 ; 16666.666666666668 ; 4166.666666666667 ; 2660.5921410632172 ; 0.0 ; 1773.7280940421442 ; 0.0 ; 182961.15346868764 ; 10246.865433527957 ; 4166.666666666667 ; 0.1141552511415525 ; 0.0 ; 0.1141552511415525 ; 0.0 ; 0.0 ; 0.0 ; 0.0 
2023-01-02T21:00:00 ; 0.0 ; 0.0 ; 0.0 ; 0.0 ; 0.0 ; 0.0 ; 0.0 ; 0.0 ; 0.0 ; 0.0 ; 810.0 ; 810.0 ; 810.0 ; 810.0 ; 1170.0 ; 1170.0 ; 414.1630789302026 ; 540.0 ; 540.0 ; 540.0 ; 0.0 ; 0.0 ; 0.0 ; 0.0 ; 0.0 ; 0.0 ; 0.0 ; 2954 ; 10568 ; 7614 ; 16666.666666666668 ; 4166.666666666667 ; 2660.5921410632172 ; 0.0 ; 1773.7280940421442 ; 0.0 ; 185621.74560975085 ; 12020.593527570101 ; 4166.666666666667 ; 0.1141552511415525 ; 0.0 ; 0.1141552511415525 ; 0.0 ; 0.0 ; 0.0 ; 0.0 
2023-01-02T22:00:00 ; 0.0 ; 0.0 ; 0.0 ; 0.0 ; 0.0 ; 0.0 ; 0.0 ; 0.0 ; 0.0 ; 0.0 ; 810.0 ; 810.0 ; 810.0 ; 810.0 ; 1170.0 ; 1170.0 ; 540.0 ; 540.0 ; 540.0 ; 540.0 ; 0.0 ; 0.0 ; 0.0 ; 0.0 ; 439.1630789302026 ; 0.0 ; 0.0 ; 2760 ; 10939 ; 8179 ; 16666.666666666668 ; 4166.666666666667 ; 2660.5921410632172 ; 0.0 ; 1773.7280940421442 ; 0.0 ; 188282.33775081407 ; 13794.321621612246 ; 4166.666666666667 ; 0.1141552511415525 ; 0.0 ; 0.1141552511415525 ; 0.0 ; 0.0 ; 0.0 ; 0.0 
2023-01-02T23:00:00 ; 0.0 ; 0.0 ; 0.0 ; 0.0 ; 0.0 ; 0.0 ; 0.0 ; 0.0 ; 0.0 ; 0.0 ; 810.0 ; 810.0 ; 810.0 ; 810.0 ; 1170.0 ; 1170.0 ; 540.0 ; 540.0 ; 540.0 ; 540.0 ; 0.0 ; 0.0 ; 0.0 ; 0.0 ; 659.1630789302017 ; 0.0 ; 0.0 ; 2953 ; 11352 ; 8399 ; 16666.666666666668 ; 4166.666666666667 ; 2660.5921410632172 ; 0.0 ; 1773.7280940421442 ; 0.0 ; 190942.92989187728 ; 15568.04971565439 ; 4166.666666666667 ; 0.1141552511415525 ; 0.0 ; 0.1141552511415525 ; 0.0 ; 0.0 ; 0.0 ; 0.0 
2023-01-03T00:00:00 ; 0.0 ; 0.0 ; 0.0 ; 0.0 ; 0.0 ; 0.0 ; 0.0 ; 0.0 ; 0.0 ; 0.0 ; 810.0 ; 810.0 ; 810.0 ; 810.0 ; 1170.0 ; 1170.0 ; 540.0 ; 540.0 ; 540.0 ; 540.0 ; 0.0 ; 0.0 ; 507.16307893020166 ; 0.0 ; -0.0 ; 0.0 ; 0.0 ; 2813 ; 11060 ; 8247 ; 16666.666666666668 ; 4166.666666666667 ; 8333.333333333334 ; 0.0 ; 0.0 ; 3828.7242857462716 ; 193603.5220329405 ; 17341.777809696534 ; -1463.9012381144294 ; 0.1141552511415525 ; 0.0 ; 0.1141552511415525 ; 0.0 ; 0.0 ; 0.0 ; 0.0 
2023-01-03T01:00:00 ; 0.0 ; 0.0 ; 0.0 ; 0.0 ; 0.0 ; 0.0 ; 0.0 ; 0.0 ; 0.0 ; 0.0 ; 810.0 ; 810.0 ; 810.0 ; 810.0 ; 1170.0 ; 1170.0 ; 540.0 ; 540.0 ; 540.0 ; 540.0 ; 0.0 ; 0.0 ; 373.1630789302026 ; 0.0 ; -0.0 ; 0.0 ; 0.0 ; 2709 ; 10822 ; 8113 ; 16666.666666666668 ; 4166.666666666667 ; 8333.333333333334 ; 0.0 ; 0.0 ; 3828.7242857462716 ; 201936.85536627384 ; 13513.053523950262 ; -1463.9012381144294 ; 0.1141552511415525 ; 0.0 ; 0.1141552511415525 ; 0.0 ; 0.0 ; 0.0 ; 0.0 
2023-01-03T02:00:00 ; 0.0 ; 0.0 ; 0.0 ; 0.0 ; 0.0 ; 0.0 ; 0.0 ; 0.0 ; 0.0 ; 0.0 ; 810.0 ; 810.0 ; 810.0 ; 810.0 ; 1170.0 ; 1170.0 ; 540.0 ; 540.0 ; 540.0 ; 540.0 ; 0.0 ; 0.0 ; 506.16307893020166 ; 0.0 ; 0.0 ; 0.0 ; 0.0 ; 2198 ; 10444 ; 8246 ; 16666.666666666668 ; 4166.666666666667 ; 8333.333333333334 ; 0.0 ; 0.0 ; 3828.7242857462716 ; 210270.18869960718 ; 9684.32923820399 ; -1463.9012381144294 ; 0.1141552511415525 ; 0.0 ; 0.1141552511415525 ; 0.0 ; 0.0 ; 0.0 ; 0.0 
2023-01-03T03:00:00 ; 0.0 ; 0.0 ; 0.0 ; 0.0 ; 0.0 ; 0.0 ; 0.0 ; 0.0 ; 0.0 ; 0.0 ; 810.0 ; 810.0 ; 810.0 ; 810.0 ; 1170.0 ; 1170.0 ; 512.1630789302026 ; 540.0 ; 540.0 ; 540.0 ; 0.0 ; 0.0 ; 0.0 ; -0.0 ; 0.0 ; 0.0 ; 0.0 ; 2086 ; 9798 ; 7712 ; 16666.666666666668 ; 4166.666666666667 ; 8333.333333333334 ; 0.0 ; 0.0 ; 3828.7242857462716 ; 218603.52203294053 ; 5855.604952457718 ; -1463.9012381144294 ; 0.1141552511415525 ; 0.0 ; 0.1141552511415525 ; 0.0 ; 0.0 ; 0.0 ; 0.0 
2023-01-03T04:00:00 ; 0.0 ; 0.0 ; 0.0 ; 0.0 ; 0.0 ; 0.0 ; 0.0 ; 0.0 ; 0.0 ; 0.0 ; 810.0 ; 810.0 ; 810.0 ; 810.0 ; 1170.0 ; 1170.0 ; 0.0 ; 540.0 ; 540.0 ; 540.0 ; 0.0 ; 0.0 ; 123.16307893020257 ; 0.0 ; 0.0 ; 0.0 ; 0.0 ; 2086 ; 9409 ; 7323 ; 16666.666666666668 ; 4166.666666666667 ; 2702.7654285522376 ; 0.0 ; 1801.8436190348248 ; 0.0 ; 226936.85536627387 ; 2026.8806667114468 ; 4166.666666666667 ; 0.1141552511415525 ; 0.0 ; 0.1141552511415525 ; 0.0 ; 0.0 ; 0.0 ; 0.0 
2023-01-03T05:00:00 ; 0.0 ; 0.0 ; 0.0 ; 0.0 ; 0.0 ; 0.0 ; 0.0 ; 0.0 ; 0.0 ; 0.0 ; 810.0 ; 810.0 ; 810.0 ; 810.0 ; 1170.0 ; 1170.0 ; 0.0 ; 540.0 ; 540.0 ; 540.0 ; 0.0 ; 0.0 ; 93.16307893020257 ; 0.0 ; 0.0 ; 0.0 ; 0.0 ; 2047 ; 9340 ; 7293 ; 16666.666666666668 ; 4166.666666666667 ; 8333.333333333334 ; 0.0 ; 0.0 ; 3828.7242857462716 ; 229639.6207948261 ; 3828.7242857462716 ; -1463.9012381144294 ; 0.1141552511415525 ; 0.0 ; 0.1141552511415525 ; 0.0 ; 0.0 ; 0.0 ; 0.0 
2023-01-03T06:00:00 ; 0.0 ; 0.0 ; 0.0 ; 0.0 ; 0.0 ; 0.0 ; 0.0 ; 0.0 ; 0.0 ; 0.0 ; 810.0 ; 810.0 ; 810.0 ; 810.0 ; 1170.0 ; 1170.0 ; 0.0 ; 210.0 ; 393.1630789302026 ; 540.0 ; 0.0 ; 0.0 ; 0.0 ; 0.0 ; 0.0 ; 0.0 ; 0.0 ; 2679 ; 9402 ; 6723 ; 16666.666666666668 ; 4166.666666666667 ; 2702.7654285522376 ; 0.0 ; 1801.8436190348248 ; 0.0 ; 237972.95412815944 ; 0.0 ; 4166.666666666667 ; 0.1141552511415525 ; 0.0 ; 0.1141552511415525 ; 0.0 ; 0.0 ; 0.0 ; 0.0 
2023-01-03T07:00:00 ; 0.0 ; 0.0 ; 0.0 ; 0.0 ; 0.0 ; 0.0 ; 0.0 ; 0.0 ; 0.0 ; 0.0 ; 810.0 ; 810.0 ; 810.0 ; 810.0 ; 1170.0 ; 1170.0 ; 0.0 ; 540.0 ; 540.0 ; 540.0 ; 0.0 ; 0.0 ; 16.163078930202573 ; 0.0 ; -0.0 ; 0.0 ; 0.0 ; 2235 ; 9451 ; 7216 ; 16666.666666666668 ; 4166.666666666667 ; 2702.7654285522376 ; 0.0 ; 1801.8436190348248 ; 0.0 ; 240675.71955671167 ; 1801.8436190348248 ; 4166.666666666667 ; 0.1141552511415525 ; 0.0 ; 0.1141552511415525 ; 0.0 ; 0.0 ; 0.0 ; 0.0 
2023-01-03T08:00:00 ; 0.0 ; 0.0 ; 0.0 ; 0.0 ; 0.0 ; 0.0 ; 0.0 ; 0.0 ; 0.0 ; 0.0 ; 810.0 ; 810.0 ; 810.0 ; 810.0 ; 1170.0 ; 1170.0 ; 0.0 ; 210.0 ; 210.0 ; 210.0 ; 0.0 ; 0.0 ; 0.0 ; 489.8369210697974 ; 0.0 ; 0.0 ; 0.0 ; 3923 ; 9643 ; 5720 ; 16666.666666666668 ; 4166.666666666667 ; 6081.415618945265 ; 0.0 ; 0.0 ; 1576.8065713582027 ; 243378.4849852639 ; 3603.6872380696495 ; 788.0164762736395 ; 0.1141552511415525 ; 0.0 ; 0.1141552511415525 ; 0.0 ; 0.0 ; 0.0 ; 0.0 
2023-01-03T09:00:00 ; 0.0 ; 0.0 ; 0.0 ; 0.0 ; 0.0 ; 0.0 ; 0.0 ; 0.0 ; 0.0 ; 0.0 ; 810.0 ; 810.0 ; 810.0 ; 810.0 ; 1170.0 ; 1170.0 ; 0.0 ; 210.0 ; 0.0 ; 210.0 ; 0.0 ; 0.0 ; 0.0 ; 379.8369210697974 ; 0.0 ; 0.0 ; 0.0 ; 4352 ; 9972 ; 5620 ; 16666.666666666668 ; 4166.666666666667 ; 2702.7654285522367 ; 0.0 ; 1801.8436190348248 ; 0.0 ; 249459.90060420916 ; 2026.8806667114468 ; 4166.666666666667 ; 0.1141552511415525 ; 0.0 ; 0.1141552511415525 ; 0.0 ; 0.0 ; 0.0 ; 0.0 
2023-01-03T10:00:00 ; 0.0 ; 0.0 ; 0.0 ; 0.0 ; 0.0 ; 0.0 ; 0.0 ; 0.0 ; 0.0 ; 0.0 ; 810.0 ; 810.0 ; 810.0 ; 810.0 ; 1170.0 ; 1170.0 ; 0.0 ; 533.1630789302026 ; 0.0 ; 540.0 ; 0.0 ; 0.0 ; 0.0 ; 0.0 ; 0.0 ; 0.0 ; 0.0 ; 3685 ; 10338 ; 6653 ; 16666.666666666668 ; 4166.666666666667 ; 8333.333333333334 ; 0.0 ; 0.0 ; 3828.7242857462716 ; 252162.6660327614 ; 3828.7242857462716 ; -1463.9012381144294 ; 0.1141552511415525 ; 0.0 ; 0.1141552511415525 ; 0.0 ; 0.0 ; 0.0 ; 0.0 
2023-01-03T11:00:00 ; 0.0 ; 0.0 ; 0.0 ; 0.0 ; 0.0 ; 0.0 ; 0.0 ; 0.0 ; 0.0 ; 0.0 ; 810.0 ; 810.0 ; 810.0 ; 810.0 ; 1170.0 ; 1170.0 ; 0.0 ; 0.0 ; 0.0 ; 0.0 ; 0.0 ; 0.0 ; 0.0 ; 0.0 ; 159.16307893020257 ; 0.0 ; 0.0 ; 4824 ; 10563 ; 5739 ; 16666.666666666668 ; 4166.666666666667 ; 2702.7654285522376 ; 0.0 ; 1801.8436190348248 ; 0.0 ; 260495.99936609474 ; 0.0 ; 4166.666666666667 ; 0.1141552511415525 ; 0.0 ; 0.1141552511415525 ; 0.0 ; 0.0 ; 0.0 ; 0.0 
2023-01-03T12:00:00 ; 0.0 ; 0.0 ; 0.0 ; 0.0 ; 0.0 ; 0.0 ; 0.0 ; 0.0 ; 0.0 ; 0.0 ; 810.0 ; 810.0 ; 810.0 ; 810.0 ; 1170.0 ; 1170.0 ; 0.0 ; 0.0 ; 0.0 ; 0.0 ; 0.0 ; 0.0 ; 0.0 ; 0.0 ; 131.16307893020257 ; 0.0 ; 0.0 ; 5147 ; 10858 ; 5711 ; 16666.666666666668 ; 4166.666666666667 ; 2702.7654285522376 ; 0.0 ; 1801.8436190348248 ; 0.0 ; 263198.764794647 ; 1801.8436190348248 ; 4166.666666666667 ; 0.1141552511415525 ; 0.0 ; 0.1141552511415525 ; 0.0 ; 0.0 ; 0.0 ; 0.0 
2023-01-03T13:00:00 ; 0.0 ; 0.0 ; 0.0 ; 0.0 ; 0.0 ; 0.0 ; 0.0 ; 0.0 ; 0.0 ; 0.0 ; 810.0 ; 810.0 ; 810.0 ; 810.0 ; 1170.0 ; 1170.0 ; 0.0 ; 0.0 ; 0.0 ; 0.0 ; 0.0 ; 0.0 ; 0.0 ; 240.83692106979743 ; 0.0 ; 0.0 ; 0.0 ; 5053 ; 10392 ; 5339 ; 16666.666666666668 ; 4166.666666666667 ; 8108.296285656712 ; 0.0 ; 0.0 ; 3603.6872380696495 ; 265901.5302231992 ; 3603.6872380696495 ; -1238.8641904378073 ; 0.1141552511415525 ; 0.0 ; 0.1141552511415525 ; 0.0 ; 0.0 ; 0.0 ; 0.0 
2023-01-03T14:00:00 ; 0.0 ; 0.0 ; 0.0 ; 0.0 ; 0.0 ; 0.0 ; 0.0 ; 0.0 ; 0.0 ; 0.0 ; 810.0 ; 810.0 ; 810.0 ; 810.0 ; 1170.0 ; 1170.0 ; 0.0 ; 0.0 ; 0.0 ; 0.0 ; 0.0 ; 0.0 ; 0.0 ; 688.8369210697974 ; 0.0 ; 0.0 ; 0.0 ; 5033 ; 9924 ; 4891 ; 16666.666666666668 ; 4166.666666666667 ; 2702.7654285522376 ; 0.0 ; 1801.8436190348248 ; 0.0 ; 274009.8265088559 ; 0.0 ; 4166.666666666667 ; 0.1141552511415525 ; 0.0 ; 0.1141552511415525 ; 0.0 ; 0.0 ; 0.0 ; 0.0 
2023-01-03T15:00:00 ; 0.0 ; 0.0 ; 0.0 ; 0.0 ; 0.0 ; 0.0 ; 0.0 ; 0.0 ; 0.0 ; 0.0 ; 810.0 ; 810.0 ; 810.0 ; 810.0 ; 1170.0 ; 1170.0 ; 0.0 ; 0.0 ; 0.0 ; 0.0 ; 0.0 ; 0.0 ; 0.0 ; 603.8369210697974 ; 0.0 ; 0.0 ; 0.0 ; 4725 ; 9701 ; 4976 ; 16666.666666666668 ; 4166.666666666667 ; 2702.7654285522376 ; 0.0 ; 1801.8436190348248 ; 0.0 ; 276712.59193740814 ; 1801.8436190348248 ; 4166.666666666667 ; 0.1141552511415525 ; 0.0 ; 0.1141552511415525 ; 0.0 ; 0.0 ; 0.0 ; 0.0 
2023-01-03T16:00:00 ; 0.0 ; 0.0 ; 0.0 ; 0.0 ; 0.0 ; 0.0 ; 0.0 ; 0.0 ; 0.0 ; 0.0 ; 810.0 ; 810.0 ; 810.0 ; 810.0 ; 1170.0 ; 1170.0 ; 0.0 ; 0.0 ; 0.0 ; 0.0 ; 0.0 ; 0.0 ; 0.0 ; 487.8369210697974 ; 0.0 ; 0.0 ; 0.0 ; 4574 ; 9666 ; 5092 ; 16666.666666666668 ; 4166.666666666667 ; 8108.296285656712 ; 0.0 ; 0.0 ; 3603.6872380696495 ; 279415.3573659604 ; 3603.6872380696495 ; -1238.8641904378073 ; 0.1141552511415525 ; 0.0 ; 0.1141552511415525 ; 0.0 ; 0.0 ; 0.0 ; 0.0 
2023-01-03T17:00:00 ; 0.0 ; 0.0 ; 0.0 ; 0.0 ; 0.0 ; 0.0 ; 0.0 ; 0.0 ; 0.0 ; 0.0 ; 810.0 ; 810.0 ; 810.0 ; 810.0 ; 1170.0 ; 1170.0 ; 0.0 ; 0.0 ; 0.0 ; 0.0 ; 0.0 ; 0.0 ; 0.0 ; 0.0 ; 250.16307893020257 ; 0.0 ; 0.0 ; 4422 ; 10252 ; 5830 ; 16666.666666666668 ; 4166.666666666667 ; 2702.7654285522376 ; 0.0 ; 1801.8436190348248 ; 0.0 ; 287523.65365161706 ; 0.0 ; 4166.666666666667 ; 0.1141552511415525 ; 0.0 ; 0.1141552511415525 ; 0.0 ; 0.0 ; 0.0 ; 0.0 
2023-01-03T18:00:00 ; 0.0 ; 0.0 ; 0.0 ; 0.0 ; 0.0 ; 0.0 ; 0.0 ; 0.0 ; 0.0 ; 0.0 ; 810.0 ; 810.0 ; 810.0 ; 810.0 ; 1170.0 ; 1170.0 ; 531.1630789302026 ; 0.0 ; 0.0 ; 0.0 ; 0.0 ; 0.0 ; 0.0 ; 0.0 ; 0.0 ; 0.0 ; 0.0 ; 4474 ; 10585 ; 6111 ; 16666.666666666668 ; 4166.666666666667 ; 2702.7654285522376 ; 0.0 ; 1801.8436190348248 ; 0.0 ; 290226.4190801693 ; 1801.8436190348248 ; 4166.666666666667 ; 0.1141552511415525 ; 0.0 ; 0.1141552511415525 ; 0.0 ; 0.0 ; 0.0 ; 0.0 
2023-01-03T19:00:00 ; 0.0 ; 0.0 ; 0.0 ; 0.0 ; 0.0 ; 0.0 ; 0.0 ; 0.0 ; 0.0 ; 0.0 ; 810.0 ; 810.0 ; 810.0 ; 810.0 ; 1170.0 ; 1170.0 ; 408.1630789302026 ; 0.0 ; 0.0 ; 540.0 ; 0.0 ; 0.0 ; 0.0 ; 0.0 ; 0.0 ; 0.0 ; 0.0 ; 4062 ; 10590 ; 6528 ; 16666.666666666668 ; 4166.666666666667 ; 2702.7654285522376 ; 0.0 ; 1801.8436190348248 ; 0.0 ; 292929.1845087215 ; 3603.6872380696495 ; 4166.666666666667 ; 0.1141552511415525 ; 0.0 ; 0.1141552511415525 ; 0.0 ; 0.0 ; 0.0 ; 0.0 
2023-01-03T20:00:00 ; 0.0 ; 0.0 ; 0.0 ; 0.0 ; 0.0 ; 0.0 ; 0.0 ; 0.0 ; 0.0 ; 0.0 ; 810.0 ; 810.0 ; 810.0 ; 810.0 ; 1170.0 ; 1170.0 ; 210.0 ; 210.0 ; 384.1630789302026 ; 540.0 ; 0.0 ; 0.0 ; 0.0 ; 0.0 ; 0.0 ; 0.0 ; 0.0 ; 3408 ; 10332 ; 6924 ; 16666.666666666668 ; 4166.666666666667 ; 2702.7654285522376 ; 0.0 ; 1801.8436190348248 ; 0.0 ; 295631.94993727375 ; 5405.530857104474 ; 4166.666666666667 ; 0.1141552511415525 ; 0.0 ; 0.1141552511415525 ; 0.0 ; 0.0 ; 0.0 ; 0.0 
2023-01-03T21:00:00 ; 0.0 ; 0.0 ; 0.0 ; 0.0 ; 0.0 ; 0.0 ; 0.0 ; 0.0 ; 0.0 ; 0.0 ; 810.0 ; 810.0 ; 810.0 ; 810.0 ; 1170.0 ; 1170.0 ; 210.0 ; 210.0 ; 310.1630789302026 ; 540.0 ; 0.0 ; 0.0 ; 0.0 ; 0.0 ; 0.0 ; 0.0 ; 0.0 ; 3128 ; 9978 ; 6850 ; 16666.666666666668 ; 4166.666666666667 ; 2702.7654285522376 ; 0.0 ; 1801.8436190348248 ; 0.0 ; 298334.715365826 ; 7207.374476139299 ; 4166.666666666667 ; 0.1141552511415525 ; 0.0 ; 0.1141552511415525 ; 0.0 ; 0.0 ; 0.0 ; 0.0 
2023-01-03T22:00:00 ; 0.0 ; 0.0 ; 0.0 ; 0.0 ; 0.0 ; 0.0 ; 0.0 ; 0.0 ; 0.0 ; 0.0 ; 810.0 ; 810.0 ; 810.0 ; 810.0 ; 1170.0 ; 1170.0 ; 210.0 ; 342.1630789302026 ; 540.0 ; 540.0 ; 0.0 ; 0.0 ; 0.0 ; 0.0 ; 0.0 ; 0.0 ; 0.0 ; 3029 ; 10241 ; 7212 ; 16666.666666666668 ; 4166.666666666667 ; 2702.7654285522376 ; 0.0 ; 1801.8436190348248 ; 0.0 ; 301037.4807943782 ; 9009.218095174125 ; 4166.666666666667 ; 0.1141552511415525 ; 0.0 ; 0.1141552511415525 ; 0.0 ; 0.0 ; 0.0 ; 0.0 
2023-01-03T23:00:00 ; 0.0 ; 0.0 ; 0.0 ; 0.0 ; 0.0 ; 0.0 ; 0.0 ; 0.0 ; 0.0 ; 0.0 ; 810.0 ; 810.0 ; 810.0 ; 810.0 ; 1170.0 ; 1170.0 ; 257.1630789302026 ; 540.0 ; 540.0 ; 540.0 ; 0.0 ; 0.0 ; 0.0 ; 0.0 ; 0.0 ; 0.0 ; 0.0 ; 3025 ; 10482 ; 7457 ; 16666.666666666668 ; 4166.666666666667 ; 2702.7654285522376 ; 0.0 ; 1801.8436190348248 ; 0.0 ; 303740.24622293044 ; 10811.06171420895 ; 4166.666666666667 ; 0.1141552511415525 ; 0.0 ; 0.1141552511415525 ; 0.0 ; 0.0 ; 0.0 ; 0.0 
2023-01-04T00:00:00 ; 0.0 ; 0.0 ; 0.0 ; 0.0 ; 0.0 ; 0.0 ; 0.0 ; 0.0 ; 0.0 ; 0.0 ; 810.0 ; 810.0 ; 810.0 ; 810.0 ; 1170.0 ; 1170.0 ; 540.0 ; 540.0 ; 540.0 ; 540.0 ; 0.0 ; 0.0 ; 0.0 ; 0.0 ; 209.16307893020257 ; 0.0 ; 0.0 ; 2831 ; 10780 ; 7949 ; 16666.666666666668 ; 4166.666666666667 ; 2680.8899012702705 ; 0.0 ; 1787.2599341801797 ; 0.0 ; 306443.01165148267 ; 12612.905333243776 ; 4166.666666666667 ; 0.1141552511415525 ; 0.0 ; 0.1141552511415525 ; 0.0 ; 0.0 ; 0.0 ; 0.0 
2023-01-04T01:00:00 ; 0.0 ; 0.0 ; 0.0 ; 0.0 ; 0.0 ; 0.0 ; 0.0 ; 0.0 ; 0.0 ; 0.0 ; 810.0 ; 810.0 ; 810.0 ; 810.0 ; 1170.0 ; 1170.0 ; 540.0 ; 540.0 ; 540.0 ; 540.0 ; 0.0 ; 0.0 ; 274.16307893020166 ; 0.0 ; 1200.0 ; 0.0 ; 0.0 ; 1257 ; 10471 ; 9214 ; 16666.666666666668 ; 4166.666666666667 ; 2680.8899012702705 ; 0.0 ; 1787.2599341801797 ; 0.0 ; 309123.90155275294 ; 14400.165267423956 ; 4166.666666666667 ; 0.1141552511415525 ; 0.0 ; 0.1141552511415525 ; 0.0 ; 0.0 ; 0.0 ; 0.0 
2023-01-04T02:00:00 ; 0.0 ; 0.0 ; 0.0 ; 0.0 ; 0.0 ; 0.0 ; 0.0 ; 0.0 ; 0.0 ; 0.0 ; 810.0 ; 810.0 ; 810.0 ; 810.0 ; 1170.0 ; 1170.0 ; 540.0 ; 540.0 ; 540.0 ; 540.0 ; 0.0 ; 0.0 ; 0.0 ; 0.0 ; 85.16307893020257 ; 0.0 ; 0.0 ; 2279 ; 10104 ; 7825 ; 16666.666666666668 ; 4166.666666666667 ; 2680.8899012702705 ; 0.0 ; 1787.2599341801797 ; 0.0 ; 311804.7914540232 ; 16187.425201604136 ; 4166.666666666667 ; 0.1141552511415525 ; 0.0 ; 0.1141552511415525 ; 0.0 ; 0.0 ; 0.0 ; 0.0 
2023-01-04T03:00:00 ; 0.0 ; 0.0 ; 0.0 ; 0.0 ; 0.0 ; 0.0 ; 0.0 ; 0.0 ; 0.0 ; 0.0 ; 810.0 ; 810.0 ; 810.0 ; 810.0 ; 1170.0 ; 1170.0 ; 540.0 ; 540.0 ; 540.0 ; 540.0 ; 0.0 ; 0.0 ; 0.0 ; 48.83692106979743 ; 0.0 ; 0.0 ; 0.0 ; 1826 ; 9517 ; 7691 ; 16666.666666666668 ; 4166.666666666667 ; 2680.8899012702705 ; 0.0 ; 1787.2599341801797 ; 0.0 ; 314485.6813552935 ; 17974.685135784315 ; 4166.666666666667 ; 0.1141552511415525 ; 0.0 ; 0.1141552511415525 ; 0.0 ; 0.0 ; 0.0 ; 0.0 
2023-01-04T04:00:00 ; 0.0 ; 0.0 ; 0.0 ; 0.0 ; 0.0 ; 0.0 ; 0.0 ; 0.0 ; 0.0 ; 0.0 ; 810.0 ; 810.0 ; 810.0 ; 810.0 ; 1170.0 ; 1170.0 ; 210.0 ; 539.1630789302026 ; 540.0 ; 540.0 ; 0.0 ; 0.0 ; 0.0 ; 0.0 ; 0.0 ; 0.0 ; 0.0 ; 1739 ; 9148 ; 7409 ; 16666.666666666668 ; 4166.666666666667 ; 2680.8899012702705 ; 0.0 ; 1787.2599341801797 ; 0.0 ; 317166.57125656377 ; 19761.945069964495 ; 4166.666666666667 ; 0.1141552511415525 ; 0.0 ; 0.1141552511415525 ; 0.0 ; 0.0 ; 0.0 ; 0.0 
2023-01-04T05:00:00 ; 0.0 ; 0.0 ; 0.0 ; 0.0 ; 0.0 ; 0.0 ; 0.0 ; 0.0 ; 0.0 ; 0.0 ; 810.0 ; 810.0 ; 810.0 ; 810.0 ; 1170.0 ; 1170.0 ; 210.0 ; 210.0 ; 533.1630789302026 ; 540.0 ; 0.0 ; 0.0 ; 0.0 ; 0.0 ; 0.0 ; 0.0 ; 0.0 ; 2006 ; 9079 ; 7073 ; 16666.666666666668 ; 4166.666666666667 ; 2680.8899012702705 ; 0.0 ; 1787.2599341801797 ; 0.0 ; 319847.46115783404 ; 21549.205004144675 ; 4166.666666666667 ; 0.1141552511415525 ; 0.0 ; 0.1141552511415525 ; 0.0 ; 0.0 ; 0.0 ; 0.0 
2023-01-04T06:00:00 ; 0.0 ; 0.0 ; 0.0 ; 0.0 ; 0.0 ; 0.0 ; 0.0 ; 0.0 ; 0.0 ; 0.0 ; 810.0 ; 810.0 ; 810.0 ; 810.0 ; 1170.0 ; 1170.0 ; 540.0 ; 540.0 ; 0.0 ; 540.0 ; 0.0 ; 0.0 ; 135.08463796477895 ; 0.0 ; 170.07844096542362 ; 0.0 ; 0.0 ; 1614 ; 9119 ; 7505 ; 16666.666666666668 ; 4166.666666666667 ; 2680.8899012702705 ; 0.0 ; 1787.2599341801797 ; 0.0 ; 322528.3510591043 ; 23336.464938324854 ; 4166.666666666667 ; 0.1141552511415525 ; 0.0 ; 0.1141552511415525 ; 0.0 ; 0.0 ; 0.0 ; 0.0 
2023-01-04T07:00:00 ; 0.0 ; 0.0 ; 0.0 ; 0.0 ; 0.0 ; 0.0 ; 0.0 ; 0.0 ; 0.0 ; 0.0 ; 810.0 ; 810.0 ; 810.0 ; 810.0 ; 1170.0 ; 1170.0 ; 490.1630789302026 ; 540.0 ; 0.0 ; 540.0 ; 0.0 ; 0.0 ; 0.0 ; -0.0 ; 0.0 ; 0.0 ; 0.0 ; 1985 ; 9135 ; 7150 ; 16666.666666666668 ; 4166.666666666667 ; 2680.8899012702705 ; 0.0 ; 1787.2599341801797 ; 0.0 ; 325209.2409603746 ; 25123.724872505034 ; 4166.666666666667 ; 0.1141552511415525 ; 0.0 ; 0.1141552511415525 ; 0.0 ; 0.0 ; 0.0 ; 0.0 
2023-01-04T08:00:00 ; 0.0 ; 0.0 ; 0.0 ; 0.0 ; 0.0 ; 0.0 ; 0.0 ; 0.0 ; 0.0 ; 0.0 ; 810.0 ; 810.0 ; 810.0 ; 810.0 ; 1170.0 ; 1170.0 ; 210.0 ; 439.1630789302026 ; 0.0 ; 540.0 ; 0.0 ; 0.0 ; 0.0 ; 0.0 ; 0.0 ; 0.0 ; 0.0 ; 2531 ; 9300 ; 6769 ; 16666.666666666668 ; 4166.666666666667 ; 2680.8899012702705 ; 0.0 ; 1787.2599341801797 ; 0.0 ; 327890.13086164487 ; 26910.984806685214 ; 4166.666666666667 ; 0.1141552511415525 ; 0.0 ; 0.1141552511415525 ; 0.0 ; 0.0 ; 0.0 ; 0.0 
2023-01-04T09:00:00 ; 0.0 ; 0.0 ; 0.0 ; 0.0 ; 0.0 ; 0.0 ; 0.0 ; 0.0 ; 0.0 ; 0.0 ; 810.0 ; 810.0 ; 810.0 ; 810.0 ; 1170.0 ; 1170.0 ; 0.0 ; 540.0 ; 0.0 ; 0.0 ; 0.0 ; 0.0 ; 0.0 ; 910.8369210697974 ; 0.0 ; 0.0 ; 0.0 ; 4453 ; 9662 ; 5209 ; 16666.666666666668 ; 4166.666666666667 ; 2680.8899012702705 ; 0.0 ; 1787.2599341801797 ; 0.0 ; 330571.02076291514 ; 28698.244740865393 ; 4166.666666666667 ; 0.1141552511415525 ; 0.0 ; 0.1141552511415525 ; 0.0 ; 0.0 ; 0.0 ; 0.0 
2023-01-04T10:00:00 ; 0.0 ; 0.0 ; 0.0 ; 0.0 ; 0.0 ; 0.0 ; 0.0 ; 0.0 ; 0.0 ; 0.0 ; 810.0 ; 810.0 ; 810.0 ; 810.0 ; 1170.0 ; 1170.0 ; 0.0 ; 0.0 ; 0.0 ; 0.0 ; 0.0 ; 0.0 ; 0.0 ; 0.0 ; 572.1630789302026 ; 0.0 ; 0.0 ; 3955 ; 10107 ; 6152 ; 16666.666666666668 ; 4166.666666666667 ; 2680.8899012702705 ; 0.0 ; 1787.2599341801797 ; 0.0 ; 333251.9106641854 ; 30485.504675045573 ; 4166.666666666667 ; 0.1141552511415525 ; 0.0 ; 0.1141552511415525 ; 0.0 ; 0.0 ; 0.0 ; 0.0 
2023-01-04T11:00:00 ; 0.0 ; 0.0 ; 0.0 ; 0.0 ; 0.0 ; 0.0 ; 0.0 ; 0.0 ; 0.0 ; 0.0 ; 810.0 ; 810.0 ; 810.0 ; 810.0 ; 1170.0 ; 1170.0 ; 0.0 ; 0.0 ; 0.0 ; 0.0 ; 0.0 ; 0.0 ; 0.0 ; 27.836921069797427 ; 0.0 ; 0.0 ; 0.0 ; 4915 ; 10467 ; 5552 ; 16666.666666666668 ; 4166.666666666667 ; 2680.8899012702705 ; 0.0 ; 1787.2599341801797 ; 0.0 ; 335932.8005654557 ; 32272.764609225753 ; 4166.666666666667 ; 0.1141552511415525 ; 0.0 ; 0.1141552511415525 ; 0.0 ; 0.0 ; 0.0 ; 0.0 
2023-01-04T12:00:00 ; 0.0 ; 0.0 ; 0.0 ; 0.0 ; 0.0 ; 0.0 ; 0.0 ; 0.0 ; 0.0 ; 0.0 ; 810.0 ; 810.0 ; 810.0 ; 810.0 ; 1170.0 ; 1170.0 ; 0.0 ; 0.0 ; 0.0 ; 0.0 ; 0.0 ; 0.0 ; 149.320776255709 ; 0.0 ; 131.84230267449357 ; 0.0 ; 0.0 ; 5027 ; 10888 ; 5861 ; 16666.666666666668 ; 4166.666666666667 ; 2680.8899012702705 ; 0.0 ; 1787.2599341801797 ; 0.0 ; 338613.69046672597 ; 34060.02454340593 ; 4166.666666666667 ; 0.1141552511415525 ; 0.0 ; 0.1141552511415525 ; 0.0 ; 0.0 ; 0.0 ; 0.0 
2023-01-04T13:00:00 ; 0.0 ; 0.0 ; 0.0 ; 0.0 ; 0.0 ; 0.0 ; 0.0 ; 0.0 ; 0.0 ; 0.0 ; 810.0 ; 810.0 ; 810.0 ; 810.0 ; 1170.0 ; 1170.0 ; 0.0 ; 0.0 ; 0.0 ; 0.0 ; 0.0 ; 0.0 ; 0.0 ; 412.8369210697974 ; 0.0 ; 0.0 ; 0.0 ; 5335 ; 10502 ; 5167 ; 16666.666666666668 ; 4166.666666666667 ; 2680.8899012702705 ; 0.0 ; 1787.2599341801797 ; 0.0 ; 341294.58036799624 ; 35847.284477586116 ; 4166.666666666667 ; 0.1141552511415525 ; 0.0 ; 0.1141552511415525 ; 0.0 ; 0.0 ; 0.0 ; 0.0 
2023-01-04T14:00:00 ; 0.0 ; 0.0 ; 0.0 ; 0.0 ; 0.0 ; 0.0 ; 0.0 ; 0.0 ; 0.0 ; 0.0 ; 810.0 ; 810.0 ; 810.0 ; 810.0 ; 1170.0 ; 1170.0 ; 0.0 ; 0.0 ; 0.0 ; 0.0 ; 0.0 ; 0.0 ; 0.0 ; 969.8369210697974 ; 0.0 ; 0.0 ; 0.0 ; 5478 ; 10088 ; 4610 ; 16666.666666666668 ; 4166.666666666667 ; 2680.8899012702705 ; 0.0 ; 1787.2599341801797 ; 0.0 ; 343975.4702692665 ; 37634.5444117663 ; 4166.666666666667 ; 0.1141552511415525 ; 0.0 ; 0.1141552511415525 ; 0.0 ; 0.0 ; 0.0 ; 0.0 
2023-01-04T15:00:00 ; 0.0 ; 0.0 ; 0.0 ; 0.0 ; 0.0 ; 0.0 ; 0.0 ; 0.0 ; 0.0 ; 0.0 ; 720.1630789302026 ; 810.0 ; 810.0 ; 810.0 ; 1170.0 ; 1170.0 ; 0.0 ; 0.0 ; 0.0 ; 0.0 ; 0.0 ; 0.0 ; 0.0 ; 1200.0 ; 0.0 ; 0.0 ; 0.0 ; 5547 ; 9837 ; 4290 ; 16666.666666666668 ; 4166.666666666667 ; 2680.8899012702705 ; 0.0 ; 1787.2599341801797 ; 0.0 ; 346656.3601705368 ; 39421.80434594648 ; 4166.666666666667 ; 0.1141552511415525 ; 0.0 ; 0.1141552511415525 ; 0.0 ; 0.0 ; 0.0 ; 0.0 
2023-01-04T16:00:00 ; 0.0 ; 0.0 ; 0.0 ; 0.0 ; 0.0 ; 0.0 ; 0.0 ; 0.0 ; 0.0 ; 0.0 ; 810.0 ; 810.0 ; 810.0 ; 810.0 ; 1170.0 ; 1170.0 ; 0.0 ; 0.0 ; 0.0 ; 0.0 ; 0.0 ; 0.0 ; 0.0 ; 1125.8369210697974 ; 0.0 ; 0.0 ; 0.0 ; 5313 ; 9767 ; 4454 ; 16666.666666666668 ; 4166.666666666667 ; 2680.8899012702705 ; 0.0 ; 1787.2599341801797 ; 0.0 ; 349337.25007180707 ; 41209.064280126666 ; 4166.666666666667 ; 0.1141552511415525 ; 0.0 ; 0.1141552511415525 ; 0.0 ; 0.0 ; 0.0 ; 0.0 
2023-01-04T17:00:00 ; 0.0 ; 0.0 ; 0.0 ; 0.0 ; 0.0 ; 0.0 ; 0.0 ; 0.0 ; 0.0 ; 0.0 ; 810.0 ; 810.0 ; 810.0 ; 810.0 ; 1170.0 ; 1170.0 ; 0.0 ; 0.0 ; 0.0 ; 0.0 ; 0.0 ; 0.0 ; 0.0 ; 209.83692106979743 ; 0.0 ; 0.0 ; 0.0 ; 4986 ; 10356 ; 5370 ; 16666.666666666668 ; 4166.666666666667 ; 2680.8899012702705 ; 0.0 ; 1787.2599341801797 ; 0.0 ; 352018.13997307734 ; 42996.32421430685 ; 4166.666666666667 ; 0.1141552511415525 ; 0.0 ; 0.1141552511415525 ; 0.0 ; 0.0 ; 0.0 ; 0.0 
2023-01-04T18:00:00 ; 0.0 ; 0.0 ; 0.0 ; 0.0 ; 0.0 ; 0.0 ; 0.0 ; 0.0 ; 0.0 ; 0.0 ; 810.0 ; 810.0 ; 810.0 ; 810.0 ; 1170.0 ; 1170.0 ; 0.0 ; 0.0 ; 210.0 ; 303.1630789302026 ; 0.0 ; 0.0 ; 0.0 ; 0.0 ; 0.0 ; 0.0 ; 0.0 ; 4748 ; 10841 ; 6093 ; 16666.666666666668 ; 4166.666666666667 ; 2680.8899012702705 ; 0.0 ; 1787.2599341801797 ; 0.0 ; 354699.0298743476 ; 44783.58414848703 ; 4166.666666666667 ; 0.1141552511415525 ; 0.0 ; 0.1141552511415525 ; 0.0 ; 0.0 ; 0.0 ; 0.0 
2023-01-04T19:00:00 ; 0.0 ; 0.0 ; 0.0 ; 0.0 ; 0.0 ; 0.0 ; 0.0 ; 0.0 ; 0.0 ; 0.0 ; 810.0 ; 810.0 ; 810.0 ; 810.0 ; 1170.0 ; 1170.0 ; 0.0 ; 0.0 ; 210.0 ; 495.1630789302026 ; 0.0 ; 0.0 ; 0.0 ; 0.0 ; 0.0 ; 0.0 ; 0.0 ; 4602 ; 10887 ; 6285 ; 16666.666666666668 ; 4166.666666666667 ; 8333.333333333334 ; 0.0 ; 0.0 ; 3865.183497882884 ; 357379.9197756179 ; 46570.844082667216 ; -1485.7767653963965 ; 0.1141552511415525 ; 0.0 ; 0.1141552511415525 ; 0.0 ; 0.0 ; 0.0 ; 0.0 
2023-01-04T20:00:00 ; 0.0 ; 0.0 ; 0.0 ; 0.0 ; 0.0 ; 0.0 ; 0.0 ; 0.0 ; 0.0 ; 0.0 ; 810.0 ; 810.0 ; 810.0 ; 810.0 ; 1170.0 ; 1170.0 ; 0.0 ; 0.0 ; 348.1630789302026 ; 540.0 ; 0.0 ; 0.0 ; 0.0 ; 0.0 ; 0.0 ; 0.0 ; 0.0 ; 4029 ; 10497 ; 6468 ; 16666.666666666668 ; 4166.666666666667 ; 2680.8899012702705 ; 0.0 ; 1787.2599341801797 ; 0.0 ; 365713.2531089512 ; 42705.66058478433 ; 4166.666666666667 ; 0.1141552511415525 ; 0.0 ; 0.1141552511415525 ; 0.0 ; 0.0 ; 0.0 ; 0.0 
2023-01-04T21:00:00 ; 0.0 ; 0.0 ; 0.0 ; 0.0 ; 0.0 ; 0.0 ; 0.0 ; 0.0 ; 0.0 ; 0.0 ; 810.0 ; 810.0 ; 810.0 ; 810.0 ; 1170.0 ; 1170.0 ; 0.0 ; 0.0 ; 210.0 ; 505.1630789302026 ; 0.0 ; 0.0 ; 0.0 ; 0.0 ; 0.0 ; 0.0 ; 0.0 ; 3688 ; 9983 ; 6295 ; 16666.666666666668 ; 4166.666666666667 ; 2680.8899012702705 ; 0.0 ; 1787.2599341801797 ; 0.0 ; 368394.1430102215 ; 44492.920518964514 ; 4166.666666666667 ; 0.1141552511415525 ; 0.0 ; 0.1141552511415525 ; 0.0 ; 0.0 ; 0.0 ; 0.0 
2023-01-04T22:00:00 ; 0.0 ; 0.0 ; 0.0 ; 0.0 ; 0.0 ; 0.0 ; 0.0 ; 0.0 ; 0.0 ; 0.0 ; 810.0 ; 810.0 ; 810.0 ; 810.0 ; 1170.0 ; 1170.0 ; 0.0 ; 0.0 ; 210.0 ; 267.1630789302026 ; 0.0 ; 0.0 ; 0.0 ; 0.0 ; 0.0 ; 0.0 ; 0.0 ; 4150 ; 10207 ; 6057 ; 16666.666666666668 ; 4166.666666666667 ; 2680.8899012702705 ; 0.0 ; 1787.2599341801797 ; 0.0 ; 371075.03291149175 ; 46280.1804531447 ; 4166.666666666667 ; 0.1141552511415525 ; 0.0 ; 0.1141552511415525 ; 0.0 ; 0.0 ; 0.0 ; 0.0 
2023-01-04T23:00:00 ; 0.0 ; 0.0 ; 0.0 ; 0.0 ; 0.0 ; 0.0 ; 0.0 ; 0.0 ; 0.0 ; 0.0 ; 810.0 ; 810.0 ; 810.0 ; 810.0 ; 1170.0 ; 1170.0 ; 0.0 ; 0.0 ; 540.0 ; 540.0 ; 0.0 ; 0.0 ; 0.0 ; 0.0 ; 28.163078930202573 ; 0.0 ; 0.0 ; 3736 ; 10424 ; 6688 ; 16666.666666666668 ; 4166.666666666667 ; 2680.8899012702705 ; 0.0 ; 1787.2599341801797 ; 0.0 ; 373755.92281276203 ; 48067.44038732488 ; 4166.666666666667 ; 0.1141552511415525 ; 0.0 ; 0.1141552511415525 ; 0.0 ; 0.0 ; 0.0 ; 0.0 
2023-01-05T00:00:00 ; 0.0 ; 0.0 ; 0.0 ; 0.0 ; 0.0 ; 0.0 ; 0.0 ; 0.0 ; 0.0 ; 0.0 ; 810.0 ; 810.0 ; 810.0 ; 810.0 ; 1170.0 ; 1170.0 ; 0.0 ; 0.0 ; 210.0 ; 395.1630789302026 ; 0.0 ; 0.0 ; 0.0 ; 0.0 ; 0.0 ; 0.0 ; 0.0 ; 3662 ; 9847 ; 6185 ; 16666.666666666668 ; 4166.666666666667 ; 2660.8424331373844 ; 0.0 ; 1773.894955424923 ; 0.0 ; 376436.8127140323 ; 49854.700321505064 ; 4166.666666666667 ; 0.1141552511415525 ; 0.0 ; 0.1141552511415525 ; 0.0 ; 0.0 ; 0.0 ; 0.0 
2023-01-05T01:00:00 ; 0.0 ; 0.0 ; 0.0 ; 0.0 ; 0.0 ; 0.0 ; 0.0 ; 0.0 ; 0.0 ; 0.0 ; 810.0 ; 810.0 ; 810.0 ; 810.0 ; 1170.0 ; 1170.0 ; 0.0 ; 0.0 ; 210.0 ; 457.1630789302026 ; 0.0 ; 0.0 ; 0.0 ; 0.0 ; 0.0 ; 0.0 ; 0.0 ; 3259 ; 9506 ; 6247 ; 16666.666666666668 ; 4166.666666666667 ; 2660.8424331373853 ; 0.0 ; 1773.894955424923 ; 0.0 ; 379097.6551471697 ; 51628.59527692999 ; 4166.666666666667 ; 0.1141552511415525 ; 0.0 ; 0.1141552511415525 ; 0.0 ; 0.0 ; 0.0 ; 0.0 
2023-01-05T02:00:00 ; 0.0 ; 0.0 ; 0.0 ; 0.0 ; 0.0 ; 0.0 ; 0.0 ; 0.0 ; 0.0 ; 0.0 ; 810.0 ; 810.0 ; 810.0 ; 810.0 ; 1170.0 ; 1170.0 ; 0.0 ; 0.0 ; 540.0 ; 0.0 ; 0.0 ; 0.0 ; 0.0 ; 0.0 ; 74.16307893020257 ; 0.0 ; 0.0 ; 3028 ; 9222 ; 6194 ; 16666.666666666668 ; 4166.666666666667 ; 2660.8424331373853 ; 0.0 ; 1773.894955424923 ; 0.0 ; 381758.4975803071 ; 53402.49023235492 ; 4166.666666666667 ; 0.1141552511415525 ; 0.0 ; 0.1141552511415525 ; 0.0 ; 0.0 ; 0.0 ; 0.0 
2023-01-05T03:00:00 ; 0.0 ; 0.0 ; 0.0 ; 0.0 ; 0.0 ; 0.0 ; 0.0 ; 0.0 ; 0.0 ; 0.0 ; 810.0 ; 810.0 ; 810.0 ; 810.0 ; 1170.0 ; 1170.0 ; 0.0 ; 0.0 ; 540.0 ; 0.0 ; 0.0 ; 0.0 ; 0.0 ; 0.0 ; 113.16307893020257 ; 0.0 ; 0.0 ; 2561 ; 8794 ; 6233 ; 16666.666666666668 ; 4166.666666666667 ; 2660.8424331373853 ; 0.0 ; 1773.894955424923 ; 0.0 ; 384419.34001344454 ; 55176.385187779844 ; 4166.666666666667 ; 0.1141552511415525 ; 0.0 ; 0.1141552511415525 ; 0.0 ; 0.0 ; 0.0 ; 0.0 
2023-01-05T04:00:00 ; 0.0 ; 0.0 ; 0.0 ; 0.0 ; 0.0 ; 0.0 ; 0.0 ; 0.0 ; 0.0 ; 0.0 ; 810.0 ; 810.0 ; 810.0 ; 810.0 ; 1170.0 ; 1170.0 ; 0.0 ; 210.0 ; 378.1630789302026 ; 0.0 ; 0.0 ; 0.0 ; 0.0 ; 0.0 ; 0.0 ; 0.0 ; 0.0 ; 2554 ; 8722 ; 6168 ; 16666.666666666668 ; 4166.666666666667 ; 2660.8424331373853 ; 0.0 ; 1773.894955424923 ; 0.0 ; 387080.18244658195 ; 56950.28014320477 ; 4166.666666666667 ; 0.1141552511415525 ; 0.0 ; 0.1141552511415525 ; 0.0 ; 0.0 ; 0.0 ; 0.0 
2023-01-05T05:00:00 ; 0.0 ; 0.0 ; 0.0 ; 0.0 ; 0.0 ; 0.0 ; 0.0 ; 0.0 ; 0.0 ; 0.0 ; 810.0 ; 810.0 ; 810.0 ; 810.0 ; 1170.0 ; 1170.0 ; 0.0 ; 535.1630789302026 ; 540.0 ; 0.0 ; 0.0 ; 0.0 ; 0.0 ; 0.0 ; 0.0 ; 0.0 ; 0.0 ; 2433 ; 9088 ; 6655 ; 16666.666666666668 ; 4166.666666666667 ; 2660.8424331373853 ; 0.0 ; 1773.894955424923 ; 0.0 ; 389741.02487971936 ; 58724.1750986297 ; 4166.666666666667 ; 0.1141552511415525 ; 0.0 ; 0.1141552511415525 ; 0.0 ; 0.0 ; 0.0 ; 0.0 
2023-01-05T06:00:00 ; 0.0 ; 0.0 ; 0.0 ; 0.0 ; 0.0 ; 0.0 ; 0.0 ; 0.0 ; 0.0 ; 0.0 ; 810.0 ; 810.0 ; 810.0 ; 810.0 ; 1170.0 ; 1170.0 ; 218.16307893020257 ; 540.0 ; 540.0 ; 0.0 ; 0.0 ; 0.0 ; 0.0 ; 0.0 ; 0.0 ; 0.0 ; 0.0 ; 3036 ; 9914 ; 6878 ; 16666.666666666668 ; 4166.666666666667 ; 2660.8424331373853 ; 0.0 ; 1773.894955424923 ; 0.0 ; 392401.8673128568 ; 60498.070054054624 ; 4166.666666666667 ; 0.1141552511415525 ; 0.0 ; 0.1141552511415525 ; 0.0 ; 0.0 ; 0.0 ; 0.0 
2023-01-05T07:00:00 ; 0.0 ; 0.0 ; 0.0 ; 0.0 ; 0.0 ; 0.0 ; 0.0 ; 0.0 ; 0.0 ; 0.0 ; 810.0 ; 810.0 ; 810.0 ; 810.0 ; 1170.0 ; 1170.0 ; 210.0 ; 427.1630789302026 ; 540.0 ; 0.0 ; 0.0 ; 0.0 ; 0.0 ; 0.0 ; 0.0 ; 0.0 ; 0.0 ; 3877 ; 10634 ; 6757 ; 16666.666666666668 ; 4166.666666666667 ; 2660.8424331373853 ; 0.0 ; 1773.894955424923 ; 0.0 ; 395062.7097459942 ; 62271.96500947955 ; 4166.666666666667 ; 0.1141552511415525 ; 0.0 ; 0.1141552511415525 ; 0.0 ; 0.0 ; 0.0 ; 0.0 
2023-01-05T08:00:00 ; 0.0 ; 0.0 ; 0.0 ; 0.0 ; 0.0 ; 0.0 ; 0.0 ; 0.0 ; 0.0 ; 0.0 ; 810.0 ; 810.0 ; 810.0 ; 810.0 ; 1170.0 ; 1170.0 ; 210.0 ; 310.1630789302026 ; 540.0 ; 0.0 ; 0.0 ; 0.0 ; 0.0 ; 0.0 ; 0.0 ; 0.0 ; 0.0 ; 4491 ; 11131 ; 6640 ; 16666.666666666668 ; 4166.666666666667 ; 2660.8424331373853 ; 0.0 ; 1773.894955424923 ; 0.0 ; 397723.5521791316 ; 64045.85996490448 ; 4166.666666666667 ; 0.1141552511415525 ; 0.0 ; 0.1141552511415525 ; 0.0 ; 0.0 ; 0.0 ; 0.0 
2023-01-05T09:00:00 ; 0.0 ; 0.0 ; 0.0 ; 0.0 ; 0.0 ; 0.0 ; 0.0 ; 0.0 ; 0.0 ; 0.0 ; 810.0 ; 810.0 ; 810.0 ; 810.0 ; 1170.0 ; 1170.0 ; 221.16307893020257 ; 540.0 ; 540.0 ; 0.0 ; 0.0 ; 0.0 ; 0.0 ; 0.0 ; 0.0 ; 0.0 ; 0.0 ; 4582 ; 11463 ; 6881 ; 16666.666666666668 ; 4166.666666666667 ; 2660.8424331373853 ; 0.0 ; 1773.894955424923 ; 0.0 ; 400384.394612269 ; 65819.7549203294 ; 4166.666666666667 ; 0.1141552511415525 ; 0.0 ; 0.1141552511415525 ; 0.0 ; 0.0 ; 0.0 ; 0.0 
2023-01-05T10:00:00 ; 0.0 ; 0.0 ; 0.0 ; 0.0 ; 0.0 ; 0.0 ; 0.0 ; 0.0 ; 0.0 ; 0.0 ; 810.0 ; 810.0 ; 810.0 ; 810.0 ; 1170.0 ; 1170.0 ; 540.0 ; 540.0 ; 540.0 ; 540.0 ; 0.0 ; 0.0 ; 0.0 ; 0.0 ; 822.1630789302017 ; 0.0 ; 0.0 ; 3157 ; 11719 ; 8562 ; 16666.666666666668 ; 4166.666666666667 ; 2660.8424331373853 ; 0.0 ; 1773.894955424923 ; 0.0 ; 403045.2370454064 ; 67593.64987575433 ; 4166.666666666667 ; 0.1141552511415525 ; 0.0 ; 0.1141552511415525 ; 0.0 ; 0.0 ; 0.0 ; 0.0 
2023-01-05T11:00:00 ; 0.0 ; 0.0 ; 0.0 ; 0.0 ; 0.0 ; 0.0 ; 0.0 ; 0.0 ; 0.0 ; 0.0 ; 810.0 ; 810.0 ; 810.0 ; 810.0 ; 1170.0 ; 1170.0 ; 210.0 ; 210.0 ; 407.1630789302026 ; 540.0 ; 0.0 ; 0.0 ; 0.0 ; 0.0 ; 0.0 ; 0.0 ; 0.0 ; 4996 ; 11943 ; 6947 ; 16666.666666666668 ; 4166.666666666667 ; 2660.8424331373853 ; 0.0 ; 1773.894955424923 ; 0.0 ; 405706.07947854383 ; 69367.54483117926 ; 4166.666666666667 ; 0.1141552511415525 ; 0.0 ; 0.1141552511415525 ; 0.0 ; 0.0 ; 0.0 ; 0.0 
2023-01-05T12:00:00 ; 0.0 ; 0.0 ; 0.0 ; 0.0 ; 0.0 ; 0.0 ; 0.0 ; 0.0 ; 0.0 ; 0.0 ; 810.0 ; 810.0 ; 810.0 ; 810.0 ; 1170.0 ; 1170.0 ; 540.0 ; 540.0 ; 540.0 ; 540.0 ; 0.0 ; 0.0 ; 0.0 ; 0.0 ; 939.1630789302017 ; 0.0 ; 0.0 ; 3418 ; 12097 ; 8679 ; 16666.666666666668 ; 4166.666666666667 ; 2660.8424331373853 ; 0.0 ; 1773.894955424923 ; 0.0 ; 408366.92191168125 ; 71141.43978660418 ; 4166.666666666667 ; 0.1141552511415525 ; 0.0 ; 0.1141552511415525 ; 0.0 ; 0.0 ; 0.0 ; 0.0 
2023-01-05T13:00:00 ; 0.0 ; 0.0 ; 0.0 ; 0.0 ; 0.0 ; 0.0 ; 0.0 ; 0.0 ; 0.0 ; 0.0 ; 810.0 ; 810.0 ; 810.0 ; 810.0 ; 1170.0 ; 1170.0 ; 210.0 ; 210.0 ; 490.90902370062275 ; 540.0 ; 0.0 ; 0.0 ; 0.0 ; 73.74594477042017 ; 0.0 ; 0.0 ; 0.0 ; 4884 ; 11841 ; 6957 ; 16666.666666666668 ; 4166.666666666667 ; 2660.8424331373853 ; 0.0 ; 1773.894955424923 ; 0.0 ; 411027.76434481866 ; 72915.33474202911 ; 4166.666666666667 ; 0.1141552511415525 ; 0.0 ; 0.1141552511415525 ; 0.0 ; 0.0 ; 0.0 ; 0.0 
2023-01-05T14:00:00 ; 0.0 ; 0.0 ; 0.0 ; 0.0 ; 0.0 ; 0.0 ; 0.0 ; 0.0 ; 0.0 ; 0.0 ; 810.0 ; 810.0 ; 810.0 ; 810.0 ; 1170.0 ; 1170.0 ; 540.0 ; 540.0 ; 540.0 ; 540.0 ; 0.0 ; 0.0 ; 0.0 ; 880.8369210697974 ; 0.0 ; 0.0 ; 0.0 ; 4804 ; 11663 ; 6859 ; 16666.666666666668 ; 4166.666666666667 ; 2660.8424331373853 ; 0.0 ; 1773.894955424923 ; 0.0 ; 413688.60677795607 ; 74689.22969745404 ; 4166.666666666667 ; 0.1141552511415525 ; 0.0 ; 0.1141552511415525 ; 0.0 ; 0.0 ; 0.0 ; 0.0 
2023-01-05T15:00:00 ; 0.0 ; 0.0 ; 0.0 ; 0.0 ; 0.0 ; 0.0 ; 0.0 ; 0.0 ; 0.0 ; 0.0 ; 810.0 ; 810.0 ; 810.0 ; 810.0 ; 1170.0 ; 1170.0 ; 210.0 ; 210.0 ; 389.1630789302026 ; 540.0 ; 0.0 ; 0.0 ; 0.0 ; 0.0 ; 0.0 ; 0.0 ; 0.0 ; 4511 ; 11440 ; 6929 ; 16666.666666666668 ; 4166.666666666667 ; 2660.8424331373853 ; 0.0 ; 1773.894955424923 ; 0.0 ; 416349.4492110935 ; 76463.12465287896 ; 4166.666666666667 ; 0.1141552511415525 ; 0.0 ; 0.1141552511415525 ; 0.0 ; 0.0 ; 0.0 ; 0.0 
2023-01-05T16:00:00 ; 0.0 ; 0.0 ; 0.0 ; 0.0 ; 0.0 ; 0.0 ; 0.0 ; 0.0 ; 0.0 ; 0.0 ; 810.0 ; 810.0 ; 810.0 ; 810.0 ; 1170.0 ; 1170.0 ; 210.0 ; 241.16307893020257 ; 540.0 ; 540.0 ; 0.0 ; 0.0 ; 0.0 ; 0.0 ; 0.0 ; 0.0 ; 0.0 ; 4238 ; 11349 ; 7111 ; 16666.666666666668 ; 4166.666666666667 ; 2660.8424331373853 ; 0.0 ; 1773.894955424923 ; 0.0 ; 419010.2916442309 ; 78237.01960830389 ; 4166.666666666667 ; 0.1141552511415525 ; 0.0 ; 0.1141552511415525 ; 0.0 ; 0.0 ; 0.0 ; 0.0 
2023-01-05T17:00:00 ; 0.0 ; 0.0 ; 0.0 ; 0.0 ; 0.0 ; 0.0 ; 0.0 ; 0.0 ; 0.0 ; 0.0 ; 810.0 ; 810.0 ; 810.0 ; 810.0 ; 1170.0 ; 1170.0 ; 540.0 ; 540.0 ; 540.0 ; 540.0 ; 0.0 ; 0.0 ; 0.0 ; 0.0 ; 107.16307893020257 ; 0.0 ; 0.0 ; 4045 ; 11892 ; 7847 ; 16666.666666666668 ; 4166.666666666667 ; 2660.8424331373853 ; 0.0 ; 1773.894955424923 ; 0.0 ; 421671.1340773683 ; 80010.91456372882 ; 4166.666666666667 ; 0.1141552511415525 ; 0.0 ; 0.1141552511415525 ; 0.0 ; 0.0 ; 0.0 ; 0.0 
2023-01-05T18:00:00 ; 0.0 ; 0.0 ; 0.0 ; 0.0 ; 0.0 ; 0.0 ; 0.0 ; 0.0 ; 0.0 ; 0.0 ; 810.0 ; 810.0 ; 810.0 ; 810.0 ; 1170.0 ; 1170.0 ; 540.0 ; 540.0 ; 540.0 ; 540.0 ; 0.0 ; 0.0 ; 0.0 ; 0.0 ; 444.1630789302026 ; 0.0 ; 0.0 ; 4102 ; 12286 ; 8184 ; 16666.666666666668 ; 4166.666666666667 ; 2660.8424331373853 ; 0.0 ; 1773.894955424923 ; 0.0 ; 424331.9765105057 ; 81784.80951915374 ; 4166.666666666667 ; 0.1141552511415525 ; 0.0 ; 0.1141552511415525 ; 0.0 ; 0.0 ; 0.0 ; 0.0 
2023-01-05T19:00:00 ; 0.0 ; 0.0 ; 0.0 ; 0.0 ; 0.0 ; 0.0 ; 0.0 ; 0.0 ; 0.0 ; 0.0 ; 810.0 ; 810.0 ; 810.0 ; 810.0 ; 1170.0 ; 1170.0 ; 540.0 ; 540.0 ; 540.0 ; 540.0 ; 0.0 ; 0.0 ; 0.0 ; 0.0 ; 362.1630789302026 ; 0.0 ; 0.0 ; 4056 ; 12158 ; 8102 ; 16666.666666666668 ; 4166.666666666667 ; 2660.8424331373853 ; 0.0 ; 1773.894955424923 ; 0.0 ; 426992.8189436431 ; 83558.70447457867 ; 4166.666666666667 ; 0.1141552511415525 ; 0.0 ; 0.1141552511415525 ; 0.0 ; 0.0 ; 0.0 ; 0.0 
2023-01-05T20:00:00 ; 0.0 ; 0.0 ; 0.0 ; 0.0 ; 0.0 ; 0.0 ; 0.0 ; 0.0 ; 0.0 ; 0.0 ; 810.0 ; 810.0 ; 810.0 ; 810.0 ; 1170.0 ; 1170.0 ; 540.0 ; 540.0 ; 540.0 ; 540.0 ; 0.0 ; 0.0 ; 739.769797782265 ; 0.0 ; 764.3932811479367 ; 0.0 ; 0.0 ; 2129 ; 11373 ; 9244 ; 16666.666666666668 ; 4166.666666666667 ; 2660.8424331373853 ; 0.0 ; 1773.894955424923 ; 0.0 ; 429653.66137678054 ; 85332.5994300036 ; 4166.666666666667 ; 0.1141552511415525 ; 0.0 ; 0.1141552511415525 ; 0.0 ; 0.0 ; 0.0 ; 0.0 
2023-01-05T21:00:00 ; 0.0 ; 0.0 ; 0.0 ; 0.0 ; 0.0 ; 0.0 ; 0.0 ; 0.0 ; 0.0 ; 0.0 ; 810.0 ; 810.0 ; 810.0 ; 810.0 ; 1170.0 ; 1170.0 ; 411.1630789302026 ; 540.0 ; 540.0 ; 540.0 ; 0.0 ; 0.0 ; 0.0 ; 0.0 ; 0.0 ; 0.0 ; 0.0 ; 3124 ; 10735 ; 7611 ; 16666.666666666668 ; 4166.666666666667 ; 2660.8424331373853 ; 0.0 ; 1773.894955424923 ; 0.0 ; 432314.50380991795 ; 87106.49438542852 ; 4166.666666666667 ; 0.1141552511415525 ; 0.0 ; 0.1141552511415525 ; 0.0 ; 0.0 ; 0.0 ; 0.0 
2023-01-05T22:00:00 ; 0.0 ; 0.0 ; 0.0 ; 0.0 ; 0.0 ; 0.0 ; 0.0 ; 0.0 ; 0.0 ; 0.0 ; 810.0 ; 810.0 ; 810.0 ; 810.0 ; 1170.0 ; 1170.0 ; 210.0 ; 480.1630789302026 ; 540.0 ; 540.0 ; 0.0 ; 0.0 ; 0.0 ; 0.0 ; 0.0 ; 0.0 ; 0.0 ; 3558 ; 10908 ; 7350 ; 16666.666666666668 ; 4166.666666666667 ; 2660.8424331373853 ; 0.0 ; 1773.894955424923 ; 0.0 ; 434975.34624305536 ; 88880.38934085345 ; 4166.666666666667 ; 0.1141552511415525 ; 0.0 ; 0.1141552511415525 ; 0.0 ; 0.0 ; 0.0 ; 0.0 
2023-01-05T23:00:00 ; 0.0 ; 0.0 ; 0.0 ; 0.0 ; 0.0 ; 0.0 ; 0.0 ; 0.0 ; 0.0 ; 0.0 ; 810.0 ; 810.0 ; 810.0 ; 810.0 ; 1170.0 ; 1170.0 ; 540.0 ; 540.0 ; 540.0 ; 540.0 ; 0.0 ; 0.0 ; 0.0 ; 309.8369210697974 ; 0.0 ; 0.0 ; 0.0 ; 3633 ; 11063 ; 7430 ; 16666.666666666668 ; 4166.666666666667 ; 2660.8424331373853 ; 0.0 ; 1773.894955424923 ; 0.0 ; 437636.1886761928 ; 90654.28429627838 ; 4166.666666666667 ; 0.1141552511415525 ; 0.0 ; 0.1141552511415525 ; 0.0 ; 0.0 ; 0.0 ; 0.0 
2023-01-06T00:00:00 ; 0.0 ; 0.0 ; 0.0 ; 0.0 ; 0.0 ; 0.0 ; 0.0 ; 0.0 ; 0.0 ; 0.0 ; 810.0 ; 810.0 ; 810.0 ; 810.0 ; 1170.0 ; 1170.0 ; 540.0 ; 540.0 ; 540.0 ; 540.0 ; 0.0 ; 0.0 ; 0.0 ; 67.83692106979743 ; 0.0 ; 0.0 ; 0.0 ; 3128 ; 10800 ; 7672 ; 16666.666666666668 ; 4166.666666666667 ; 2656.515161277387 ; 0.0 ; 1771.0101075182574 ; 0.0 ; 440297.0311093302 ; 92428.1792517033 ; 4166.666666666667 ; 0.1141552511415525 ; 0.0 ; 0.1141552511415525 ; 0.0 ; 0.0 ; 0.0 ; 0.0 
2023-01-06T01:00:00 ; 0.0 ; 0.0 ; 0.0 ; 0.0 ; 0.0 ; 0.0 ; 0.0 ; 0.0 ; 0.0 ; 0.0 ; 810.0 ; 810.0 ; 810.0 ; 810.0 ; 1170.0 ; 1170.0 ; 540.0 ; 540.0 ; 540.0 ; 540.0 ; 0.0 ; 0.0 ; 0.0 ; 0.0 ; 41.16307893020257 ; 0.0 ; 0.0 ; 2694 ; 10475 ; 7781 ; 16666.666666666668 ; 4166.666666666667 ; 2656.515161277387 ; 0.0 ; 1771.0101075182574 ; 0.0 ; 442953.54627060756 ; 94199.18935922156 ; 4166.666666666667 ; 0.1141552511415525 ; 0.0 ; 0.1141552511415525 ; 0.0 ; 0.0 ; 0.0 ; 0.0 
2023-01-06T02:00:00 ; 0.0 ; 0.0 ; 0.0 ; 0.0 ; 0.0 ; 0.0 ; 0.0 ; 0.0 ; 0.0 ; 0.0 ; 810.0 ; 810.0 ; 810.0 ; 810.0 ; 1170.0 ; 1170.0 ; 540.0 ; 540.0 ; 540.0 ; 540.0 ; 0.0 ; 0.0 ; 0.0 ; 0.0 ; 56.16307893020257 ; 0.0 ; 0.0 ; 2378 ; 10174 ; 7796 ; 16666.666666666668 ; 4166.666666666667 ; 2656.515161277387 ; 0.0 ; 1771.0101075182574 ; 0.0 ; 445610.06143188494 ; 95970.19946673982 ; 4166.666666666667 ; 0.1141552511415525 ; 0.0 ; 0.1141552511415525 ; 0.0 ; 0.0 ; 0.0 ; 0.0 
2023-01-06T03:00:00 ; 0.0 ; 0.0 ; 0.0 ; 0.0 ; 0.0 ; 0.0 ; 0.0 ; 0.0 ; 0.0 ; 0.0 ; 810.0 ; 810.0 ; 810.0 ; 810.0 ; 1170.0 ; 1170.0 ; 540.0 ; 540.0 ; 540.0 ; 540.0 ; 0.0 ; 0.0 ; 0.0 ; 0.0 ; 34.16307893020257 ; 0.0 ; 0.0 ; 2008 ; 9782 ; 7774 ; 16666.666666666668 ; 4166.666666666667 ; 2656.515161277387 ; 0.0 ; 1771.0101075182574 ; 0.0 ; 448266.5765931623 ; 97741.20957425809 ; 4166.666666666667 ; 0.1141552511415525 ; 0.0 ; 0.1141552511415525 ; 0.0 ; 0.0 ; 0.0 ; 0.0 
2023-01-06T04:00:00 ; 0.0 ; 0.0 ; 0.0 ; 0.0 ; 0.0 ; 0.0 ; 0.0 ; 0.0 ; 0.0 ; 0.0 ; 810.0 ; 810.0 ; 810.0 ; 810.0 ; 1170.0 ; 1170.0 ; 540.0 ; 540.0 ; 540.0 ; 540.0 ; 0.0 ; 0.0 ; 0.0 ; 0.0 ; 66.16307893020257 ; 0.0 ; 0.0 ; 1925 ; 9731 ; 7806 ; 16666.666666666668 ; 4166.666666666667 ; 2656.515161277387 ; 0.0 ; 1771.0101075182574 ; 0.0 ; 450923.0917544397 ; 99512.21968177635 ; 4166.666666666667 ; 0.1141552511415525 ; 0.0 ; 0.1141552511415525 ; 0.0 ; 0.0 ; 0.0 ; 0.0 
2023-01-06T05:00:00 ; 0.0 ; 0.0 ; 0.0 ; 0.0 ; 0.0 ; 0.0 ; 0.0 ; 0.0 ; 0.0 ; 0.0 ; 810.0 ; 810.0 ; 810.0 ; 810.0 ; 1170.0 ; 1170.0 ; 540.0 ; 540.0 ; 540.0 ; 540.0 ; 0.0 ; 0.0 ; 502.5600130463158 ; 0.0 ; 85.60306588388585 ; 0.0 ; 0.0 ; 1888 ; 10216 ; 8328 ; 16666.666666666668 ; 4166.666666666667 ; 2656.515161277387 ; 0.0 ; 1771.0101075182574 ; 0.0 ; 453579.6069157171 ; 101283.22978929461 ; 4166.666666666667 ; 0.1141552511415525 ; 0.0 ; 0.1141552511415525 ; 0.0 ; 0.0 ; 0.0 ; 0.0 
2023-01-06T06:00:00 ; 0.0 ; 0.0 ; 0.0 ; 0.0 ; 0.0 ; 0.0 ; 0.0 ; 0.0 ; 0.0 ; 0.0 ; 810.0 ; 810.0 ; 810.0 ; 810.0 ; 1170.0 ; 1170.0 ; 540.0 ; 540.0 ; 540.0 ; 540.0 ; 0.0 ; 0.0 ; 1144.1630789302017 ; 0.0 ; 0.0 ; 0.0 ; 0.0 ; 2507 ; 11391 ; 8884 ; 16666.666666666668 ; 4166.666666666667 ; 2656.515161277387 ; 0.0 ; 1771.0101075182574 ; 0.0 ; 456236.12207699445 ; 103054.23989681287 ; 4166.666666666667 ; 0.1141552511415525 ; 0.0 ; 0.1141552511415525 ; 0.0 ; 0.0 ; 0.0 ; 0.0 
2023-01-06T07:00:00 ; 0.0 ; 0.0 ; 0.0 ; 0.0 ; 0.0 ; 0.0 ; 0.0 ; 0.0 ; 0.0 ; 0.0 ; 810.0 ; 810.0 ; 810.0 ; 810.0 ; 1170.0 ; 1170.0 ; 540.0 ; 540.0 ; 540.0 ; 540.0 ; 0.0 ; 0.0 ; 2943.1630789302017 ; 0.0 ; 0.0 ; 0.0 ; 0.0 ; 1727 ; 12410 ; 10683 ; 16666.666666666668 ; 4166.666666666667 ; 2656.515161277387 ; 0.0 ; 1771.0101075182574 ; 0.0 ; 458892.6372382718 ; 104825.25000433113 ; 4166.666666666667 ; 0.1141552511415525 ; 0.0 ; 0.1141552511415525 ; 0.0 ; 0.0 ; 0.0 ; 0.0 
2023-01-06T08:00:00 ; 0.0 ; 0.0 ; 0.0 ; 0.0 ; 0.0 ; 0.0 ; 0.0 ; 0.0 ; 0.0 ; 0.0 ; 810.0 ; 810.0 ; 810.0 ; 810.0 ; 1170.0 ; 1170.0 ; 540.0 ; 540.0 ; 540.0 ; 540.0 ; 0.0 ; 0.0 ; 1087.1630789302017 ; 0.0 ; 0.0 ; 0.0 ; 0.0 ; 3920 ; 12747 ; 8827 ; 16666.666666666668 ; 4166.666666666667 ; 2656.515161277387 ; 0.0 ; 1771.0101075182574 ; 0.0 ; 461549.1523995492 ; 106596.26011184939 ; 4166.666666666667 ; 0.1141552511415525 ; 0.0 ; 0.1141552511415525 ; 0.0 ; 0.0 ; 0.0 ; 0.0 
2023-01-06T09:00:00 ; 0.0 ; 0.0 ; 0.0 ; 0.0 ; 0.0 ; 0.0 ; 0.0 ; 0.0 ; 0.0 ; 0.0 ; 810.0 ; 810.0 ; 810.0 ; 810.0 ; 1170.0 ; 1170.0 ; 540.0 ; 540.0 ; 540.0 ; 540.0 ; 0.0 ; 0.0 ; 788.1630789302017 ; 0.0 ; 0.0 ; 0.0 ; 0.0 ; 4293 ; 12821 ; 8528 ; 16666.666666666668 ; 4166.666666666667 ; 2656.515161277387 ; 0.0 ; 1771.0101075182574 ; 0.0 ; 464205.6675608266 ; 108367.27021936765 ; 4166.666666666667 ; 0.1141552511415525 ; 0.0 ; 0.1141552511415525 ; 0.0 ; 0.0 ; 0.0 ; 0.0 
2023-01-06T10:00:00 ; 0.0 ; 0.0 ; 0.0 ; 0.0 ; 0.0 ; 0.0 ; 0.0 ; 0.0 ; 0.0 ; 0.0 ; 810.0 ; 810.0 ; 810.0 ; 810.0 ; 1170.0 ; 1170.0 ; 540.0 ; 540.0 ; 540.0 ; 540.0 ; 0.0 ; 0.0 ; 656.1630789302017 ; 0.0 ; 0.0 ; 0.0 ; 0.0 ; 4472 ; 12868 ; 8396 ; 16666.666666666668 ; 4166.666666666667 ; 2656.515161277387 ; 0.0 ; 1771.0101075182574 ; 0.0 ; 466862.18272210396 ; 110138.28032688591 ; 4166.666666666667 ; 0.1141552511415525 ; 0.0 ; 0.1141552511415525 ; 0.0 ; 0.0 ; 0.0 ; 0.0 
2023-01-06T11:00:00 ; 0.0 ; 0.0 ; 0.0 ; 0.0 ; 0.0 ; 0.0 ; 0.0 ; 0.0 ; 0.0 ; 0.0 ; 810.0 ; 810.0 ; 810.0 ; 810.0 ; 1170.0 ; 1170.0 ; 540.0 ; 540.0 ; 540.0 ; 540.0 ; 0.0 ; 0.0 ; 560.1630789302017 ; 0.0 ; 0.0 ; 0.0 ; 0.0 ; 4650 ; 12950 ; 8300 ; 16666.666666666668 ; 4166.666666666667 ; 2656.515161277387 ; 0.0 ; 1771.0101075182574 ; 0.0 ; 469518.69788338133 ; 111909.29043440417 ; 4166.666666666667 ; 0.1141552511415525 ; 0.0 ; 0.1141552511415525 ; 0.0 ; 0.0 ; 0.0 ; 0.0 
2023-01-06T12:00:00 ; 0.0 ; 0.0 ; 0.0 ; 0.0 ; 0.0 ; 0.0 ; 0.0 ; 0.0 ; 0.0 ; 0.0 ; 810.0 ; 810.0 ; 810.0 ; 810.0 ; 1170.0 ; 1170.0 ; 540.0 ; 540.0 ; 540.0 ; 540.0 ; 0.0 ; 0.0 ; 482.16307893020166 ; 0.0 ; 0.0 ; 0.0 ; 0.0 ; 4704 ; 12926 ; 8222 ; 16666.666666666668 ; 4166.666666666667 ; 2656.515161277387 ; 0.0 ; 1771.0101075182574 ; 0.0 ; 472175.2130446587 ; 113680.30054192244 ; 4166.666666666667 ; 0.1141552511415525 ; 0.0 ; 0.1141552511415525 ; 0.0 ; 0.0 ; 0.0 ; 0.0 
2023-01-06T13:00:00 ; 0.0 ; 0.0 ; 0.0 ; 0.0 ; 0.0 ; 0.0 ; 0.0 ; 0.0 ; 0.0 ; 0.0 ; 810.0 ; 810.0 ; 810.0 ; 810.0 ; 1170.0 ; 1170.0 ; 540.0 ; 540.0 ; 540.0 ; 540.0 ; 0.0 ; 0.0 ; 2147.1630789302017 ; 0.0 ; 0.0 ; 0.0 ; 0.0 ; 2773 ; 12660 ; 9887 ; 16666.666666666668 ; 4166.666666666667 ; 2656.515161277387 ; 0.0 ; 1771.0101075182574 ; 0.0 ; 474831.7282059361 ; 115451.3106494407 ; 4166.666666666667 ; 0.1141552511415525 ; 0.0 ; 0.1141552511415525 ; 0.0 ; 0.0 ; 0.0 ; 0.0 
2023-01-06T14:00:00 ; 0.0 ; 0.0 ; 0.0 ; 0.0 ; 0.0 ; 0.0 ; 0.0 ; 0.0 ; 0.0 ; 0.0 ; 810.0 ; 810.0 ; 810.0 ; 810.0 ; 1170.0 ; 1170.0 ; 540.0 ; 540.0 ; 540.0 ; 540.0 ; 0.0 ; 0.0 ; 290.1630789302026 ; 0.0 ; 0.0 ; 0.0 ; 0.0 ; 4405 ; 12435 ; 8030 ; 16666.666666666668 ; 4166.666666666667 ; 2656.515161277387 ; 0.0 ; 1771.0101075182574 ; 0.0 ; 477488.24336721346 ; 117222.32075695896 ; 4166.666666666667 ; 0.1141552511415525 ; 0.0 ; 0.1141552511415525 ; 0.0 ; 0.0 ; 0.0 ; 0.0 
2023-01-06T15:00:00 ; 0.0 ; 0.0 ; 0.0 ; 0.0 ; 0.0 ; 0.0 ; 0.0 ; 0.0 ; 0.0 ; 0.0 ; 810.0 ; 810.0 ; 810.0 ; 810.0 ; 1170.0 ; 1170.0 ; 540.0 ; 540.0 ; 540.0 ; 540.0 ; 0.0 ; 0.0 ; 76.16307893020257 ; 0.0 ; 0.0 ; 0.0 ; 0.0 ; 4421 ; 12237 ; 7816 ; 16666.666666666668 ; 4166.666666666667 ; 2656.515161277387 ; 0.0 ; 1771.0101075182574 ; 0.0 ; 480144.75852849084 ; 118993.33086447722 ; 4166.666666666667 ; 0.1141552511415525 ; 0.0 ; 0.1141552511415525 ; 0.0 ; 0.0 ; 0.0 ; 0.0 
2023-01-06T16:00:00 ; 0.0 ; 0.0 ; 0.0 ; 0.0 ; 0.0 ; 0.0 ; 0.0 ; 0.0 ; 0.0 ; 0.0 ; 810.0 ; 810.0 ; 810.0 ; 810.0 ; 1170.0 ; 1170.0 ; 540.0 ; 540.0 ; 540.0 ; 540.0 ; 0.0 ; 0.0 ; 272.1630789302026 ; 0.0 ; 0.0 ; 0.0 ; 0.0 ; 4160 ; 12172 ; 8012 ; 16666.666666666668 ; 4166.666666666667 ; 2656.515161277387 ; 0.0 ; 1771.0101075182574 ; 0.0 ; 482801.2736897682 ; 120764.34097199548 ; 4166.666666666667 ; 0.1141552511415525 ; 0.0 ; 0.1141552511415525 ; 0.0 ; 0.0 ; 0.0 ; 0.0 
2023-01-06T17:00:00 ; 0.0 ; 0.0 ; 0.0 ; 0.0 ; 0.0 ; 0.0 ; 0.0 ; 0.0 ; 0.0 ; 0.0 ; 810.0 ; 810.0 ; 810.0 ; 810.0 ; 1170.0 ; 1170.0 ; 540.0 ; 540.0 ; 540.0 ; 540.0 ; 0.0 ; 0.0 ; 1009.1630789302017 ; 0.0 ; 0.0 ; 0.0 ; 0.0 ; 4003 ; 12752 ; 8749 ; 16666.666666666668 ; 4166.666666666667 ; 2656.515161277387 ; 0.0 ; 1771.0101075182574 ; 0.0 ; 485457.7888510456 ; 122535.35107951374 ; 4166.666666666667 ; 0.1141552511415525 ; 0.0 ; 0.1141552511415525 ; 0.0 ; 0.0 ; 0.0 ; 0.0 
2023-01-06T18:00:00 ; 0.0 ; 0.0 ; 0.0 ; 0.0 ; 0.0 ; 0.0 ; 0.0 ; 0.0 ; 0.0 ; 0.0 ; 810.0 ; 810.0 ; 810.0 ; 810.0 ; 1170.0 ; 1170.0 ; 540.0 ; 540.0 ; 540.0 ; 540.0 ; 0.0 ; 0.0 ; 1419.1630789302017 ; 0.0 ; 0.0 ; 0.0 ; 0.0 ; 4149 ; 13308 ; 9159 ; 16666.666666666668 ; 4166.666666666667 ; 2656.515161277387 ; 0.0 ; 1771.0101075182574 ; 0.0 ; 488114.304012323 ; 124306.361187032 ; 4166.666666666667 ; 0.1141552511415525 ; 0.0 ; 0.1141552511415525 ; 0.0 ; 0.0 ; 0.0 ; 0.0 
2023-01-06T19:00:00 ; 0.0 ; 0.0 ; 0.0 ; 0.0 ; 0.0 ; 0.0 ; 0.0 ; 0.0 ; 0.0 ; 0.0 ; 810.0 ; 810.0 ; 810.0 ; 810.0 ; 1170.0 ; 1170.0 ; 540.0 ; 540.0 ; 540.0 ; 540.0 ; 0.0 ; 0.0 ; 1334.1630789302017 ; 0.0 ; 0.0 ; 0.0 ; 0.0 ; 4096 ; 13170 ; 9074 ; 16666.666666666668 ; 4166.666666666667 ; 2656.515161277387 ; 0.0 ; 1771.0101075182574 ; 0.0 ; 490770.81917360035 ; 126077.37129455026 ; 4166.666666666667 ; 0.1141552511415525 ; 0.0 ; 0.1141552511415525 ; 0.0 ; 0.0 ; 0.0 ; 0.0 
2023-01-06T20:00:00 ; 0.0 ; 0.0 ; 0.0 ; 0.0 ; 0.0 ; 0.0 ; 0.0 ; 0.0 ; 0.0 ; 0.0 ; 810.0 ; 810.0 ; 810.0 ; 810.0 ; 1170.0 ; 1170.0 ; 540.0 ; 540.0 ; 540.0 ; 540.0 ; 0.0 ; 0.0 ; 1259.1630789302017 ; 0.0 ; 0.0 ; 0.0 ; 0.0 ; 3312 ; 12311 ; 8999 ; 16666.666666666668 ; 4166.666666666667 ; 2656.515161277387 ; 0.0 ; 1771.0101075182574 ; 0.0 ; 493427.3343348777 ; 127848.38140206852 ; 4166.666666666667 ; 0.1141552511415525 ; 0.0 ; 0.1141552511415525 ; 0.0 ; 0.0 ; 0.0 ; 0.0 
2023-01-06T21:00:00 ; 0.0 ; 0.0 ; 0.0 ; 0.0 ; 0.0 ; 0.0 ; 0.0 ; 0.0 ; 0.0 ; 0.0 ; 810.0 ; 810.0 ; 810.0 ; 810.0 ; 1170.0 ; 1170.0 ; 540.0 ; 540.0 ; 540.0 ; 540.0 ; 0.0 ; 0.0 ; 1903.1630789302017 ; 0.0 ; 0.0 ; 0.0 ; 0.0 ; 1927 ; 11570 ; 9643 ; 16666.666666666668 ; 4166.666666666667 ; 2656.515161277387 ; 0.0 ; 1771.0101075182574 ; 0.0 ; 496083.8494961551 ; 129619.39150958679 ; 4166.666666666667 ; 0.1141552511415525 ; 0.0 ; 0.1141552511415525 ; 0.0 ; 0.0 ; 0.0 ; 0.0 
2023-01-06T22:00:00 ; 0.0 ; 0.0 ; 0.0 ; 0.0 ; 0.0 ; 0.0 ; 0.0 ; 0.0 ; 0.0 ; 0.0 ; 810.0 ; 810.0 ; 810.0 ; 810.0 ; 1170.0 ; 1170.0 ; 540.0 ; 540.0 ; 540.0 ; 540.0 ; 0.0 ; 0.0 ; 584.1630789302017 ; 0.0 ; 0.0 ; 0.0 ; 0.0 ; 3392 ; 11716 ; 8324 ; 16666.666666666668 ; 4166.666666666667 ; 2656.515161277387 ; 0.0 ; 1771.0101075182574 ; 0.0 ; 498740.3646574325 ; 131390.40161710503 ; 4166.666666666667 ; 0.1141552511415525 ; 0.0 ; 0.1141552511415525 ; 0.0 ; 0.0 ; 0.0 ; 0.0 
2023-01-06T23:00:00 ; 0.0 ; 0.0 ; 0.0 ; 0.0 ; 0.0 ; 0.0 ; 0.0 ; 0.0 ; 0.0 ; 0.0 ; 810.0 ; 810.0 ; 810.0 ; 810.0 ; 1170.0 ; 1170.0 ; 540.0 ; 540.0 ; 540.0 ; 540.0 ; 0.0 ; 0.0 ; 2123.1630789302017 ; 0.0 ; 0.0 ; 0.0 ; 0.0 ; 1999 ; 11862 ; 9863 ; 16666.666666666668 ; 4166.666666666667 ; 2656.515161277387 ; 0.0 ; 1771.0101075182574 ; 0.0 ; 501396.87981870986 ; 133161.4117246233 ; 4166.666666666667 ; 0.1141552511415525 ; 0.0 ; 0.1141552511415525 ; 0.0 ; 0.0 ; 0.0 ; 0.0 
2023-01-07T00:00:00 ; 0.0 ; 0.0 ; 0.0 ; 0.0 ; 0.0 ; 0.0 ; 0.0 ; 0.0 ; 0.0 ; 0.0 ; 810.0 ; 810.0 ; 810.0 ; 810.0 ; 1170.0 ; 1170.0 ; 540.0 ; 540.0 ; 540.0 ; 540.0 ; 0.0 ; 0.0 ; 566.1630789302017 ; 0.0 ; 0.0 ; 0.0 ; 0.0 ; 2896 ; 11202 ; 8306 ; 16666.666666666668 ; 4166.666666666667 ; 8333.333333333334 ; 0.0 ; 0.0 ; 3946.633482856956 ; 504053.39497998724 ; 134932.42183214155 ; -1534.64675638084 ; 0.1141552511415525 ; 0.0 ; 0.1141552511415525 ; 0.0 ; 0.0 ; 0.0 ; 0.0 
2023-01-07T01:00:00 ; 0.0 ; 0.0 ; 0.0 ; 0.0 ; 0.0 ; 0.0 ; 0.0 ; 0.0 ; 0.0 ; 0.0 ; 810.0 ; 810.0 ; 810.0 ; 810.0 ; 1170.0 ; 1170.0 ; 540.0 ; 540.0 ; 540.0 ; 540.0 ; 0.0 ; 0.0 ; 456.16307893020166 ; 0.0 ; 0.0 ; 0.0 ; 0.0 ; 2705 ; 10901 ; 8196 ; 16666.666666666668 ; 4166.666666666667 ; 2632.019910285827 ; 0.0 ; 1754.679940190551 ; 0.0 ; 512386.72831332055 ; 130985.7883492846 ; 4166.666666666667 ; 0.1141552511415525 ; 0.0 ; 0.1141552511415525 ; 0.0 ; 0.0 ; 0.0 ; 0.0 
2023-01-07T02:00:00 ; 0.0 ; 0.0 ; 0.0 ; 0.0 ; 0.0 ; 0.0 ; 0.0 ; 0.0 ; 0.0 ; 0.0 ; 810.0 ; 810.0 ; 810.0 ; 810.0 ; 1170.0 ; 1170.0 ; 540.0 ; 540.0 ; 540.0 ; 540.0 ; 0.0 ; 0.0 ; 495.16307893020166 ; 0.0 ; 0.0 ; 0.0 ; 0.0 ; 2389 ; 10624 ; 8235 ; 16666.666666666668 ; 4166.666666666667 ; 2632.019910285827 ; 0.0 ; 1754.679940190551 ; 0.0 ; 515018.7482236064 ; 132740.46828947516 ; 4166.666666666667 ; 0.1141552511415525 ; 0.0 ; 0.1141552511415525 ; 0.0 ; 0.0 ; 0.0 ; 0.0 
2023-01-07T03:00:00 ; 0.0 ; 0.0 ; 0.0 ; 0.0 ; 0.0 ; 0.0 ; 0.0 ; 0.0 ; 0.0 ; 0.0 ; 810.0 ; 810.0 ; 810.0 ; 810.0 ; 1170.0 ; 1170.0 ; 540.0 ; 540.0 ; 540.0 ; 540.0 ; 0.0 ; 0.0 ; 494.16307893020166 ; 0.0 ; 0.0 ; 0.0 ; 0.0 ; 2017 ; 10251 ; 8234 ; 16666.666666666668 ; 4166.666666666667 ; 2632.019910285827 ; 0.0 ; 1754.679940190551 ; 0.0 ; 517650.7681338922 ; 134495.1482296657 ; 4166.666666666667 ; 0.1141552511415525 ; 0.0 ; 0.1141552511415525 ; 0.0 ; 0.0 ; 0.0 ; 0.0 
2023-01-07T04:00:00 ; 0.0 ; 0.0 ; 0.0 ; 0.0 ; 0.0 ; 0.0 ; 0.0 ; 0.0 ; 0.0 ; 0.0 ; 810.0 ; 810.0 ; 810.0 ; 810.0 ; 1170.0 ; 1170.0 ; 540.0 ; 540.0 ; 540.0 ; 540.0 ; 0.0 ; 0.0 ; 486.16307893020166 ; 0.0 ; 0.0 ; 0.0 ; 0.0 ; 1990 ; 10216 ; 8226 ; 16666.666666666668 ; 4166.666666666667 ; 2632.019910285827 ; 0.0 ; 1754.679940190551 ; 0.0 ; 520282.78804417804 ; 136249.82816985625 ; 4166.666666666667 ; 0.1141552511415525 ; 0.0 ; 0.1141552511415525 ; 0.0 ; 0.0 ; 0.0 ; 0.0 
2023-01-07T05:00:00 ; 0.0 ; 0.0 ; 0.0 ; 0.0 ; 0.0 ; 0.0 ; 0.0 ; 0.0 ; 0.0 ; 0.0 ; 810.0 ; 810.0 ; 810.0 ; 810.0 ; 1170.0 ; 1170.0 ; 540.0 ; 540.0 ; 540.0 ; 540.0 ; 0.0 ; 0.0 ; 735.1630789302017 ; 0.0 ; 0.0 ; 0.0 ; 0.0 ; 2242 ; 10717 ; 8475 ; 16666.666666666668 ; 4166.666666666667 ; 2632.019910285827 ; 0.0 ; 1754.679940190551 ; 0.0 ; 522914.8079544639 ; 138004.5081100468 ; 4166.666666666667 ; 0.1141552511415525 ; 0.0 ; 0.1141552511415525 ; 0.0 ; 0.0 ; 0.0 ; 0.0 
2023-01-07T06:00:00 ; 0.0 ; 0.0 ; 0.0 ; 0.0 ; 0.0 ; 0.0 ; 0.0 ; 0.0 ; 0.0 ; 0.0 ; 810.0 ; 810.0 ; 810.0 ; 810.0 ; 1170.0 ; 1170.0 ; 540.0 ; 540.0 ; 540.0 ; 540.0 ; 0.0 ; 0.0 ; 1555.1630789302017 ; 0.0 ; 0.0 ; 0.0 ; 0.0 ; 2613 ; 11908 ; 9295 ; 16666.666666666668 ; 4166.666666666667 ; 8333.333333333334 ; 0.0 ; 0.0 ; 3946.633482856956 ; 525546.8278647497 ; 139759.18805023734 ; -1534.64675638084 ; 0.1141552511415525 ; 0.0 ; 0.1141552511415525 ; 0.0 ; 0.0 ; 0.0 ; 0.0 
2023-01-07T07:00:00 ; 0.0 ; 0.0 ; 0.0 ; 0.0 ; 0.0 ; 0.0 ; 0.0 ; 0.0 ; 0.0 ; 0.0 ; 810.0 ; 810.0 ; 810.0 ; 810.0 ; 1170.0 ; 1170.0 ; 540.0 ; 540.0 ; 540.0 ; 540.0 ; 0.0 ; 0.0 ; 1812.1630789302017 ; 0.0 ; 0.0 ; 0.0 ; 0.0 ; 3390 ; 12942 ; 9552 ; 16666.666666666668 ; 4166.666666666667 ; 8333.333333333334 ; 0.0 ; 0.0 ; 3946.633482856956 ; 533880.1611980831 ; 135812.55456738037 ; -1534.64675638084 ; 0.1141552511415525 ; 0.0 ; 0.1141552511415525 ; 0.0 ; 0.0 ; 0.0 ; 0.0 
2023-01-07T08:00:00 ; 0.0 ; 0.0 ; 0.0 ; 0.0 ; 0.0 ; 0.0 ; 0.0 ; 0.0 ; 0.0 ; 0.0 ; 810.0 ; 810.0 ; 810.0 ; 810.0 ; 1170.0 ; 1170.0 ; 540.0 ; 540.0 ; 540.0 ; 540.0 ; 0.0 ; 0.0 ; 1558.1630789302017 ; 0.0 ; 0.0 ; 0.0 ; 0.0 ; 3983 ; 13281 ; 9298 ; 16666.666666666668 ; 4166.666666666667 ; 8333.333333333334 ; 0.0 ; 0.0 ; 3946.633482856956 ; 542213.4945314165 ; 131865.9210845234 ; -1534.64675638084 ; 0.1141552511415525 ; 0.0 ; 0.1141552511415525 ; 0.0 ; 0.0 ; 0.0 ; 0.0 
2023-01-07T09:00:00 ; 0.0 ; 0.0 ; 0.0 ; 0.0 ; 0.0 ; 0.0 ; 0.0 ; 0.0 ; 0.0 ; 0.0 ; 810.0 ; 810.0 ; 810.0 ; 810.0 ; 1170.0 ; 1170.0 ; 540.0 ; 540.0 ; 540.0 ; 540.0 ; 0.0 ; 0.0 ; 2129.1630789302017 ; 0.0 ; -0.0 ; 0.0 ; 0.0 ; 3484 ; 13353 ; 9869 ; 16666.666666666668 ; 4166.666666666667 ; 8333.333333333334 ; 0.0 ; 0.0 ; 3946.633482856956 ; 550546.8278647498 ; 127919.28760166645 ; -1534.64675638084 ; 0.1141552511415525 ; 0.0 ; 0.1141552511415525 ; 0.0 ; 0.0 ; 0.0 ; 0.0 
2023-01-07T10:00:00 ; 0.0 ; 0.0 ; 0.0 ; 0.0 ; 0.0 ; 0.0 ; 0.0 ; 0.0 ; 0.0 ; 0.0 ; 810.0 ; 810.0 ; 810.0 ; 810.0 ; 1170.0 ; 1170.0 ; 540.0 ; 540.0 ; 540.0 ; 540.0 ; 0.0 ; 0.0 ; 1854.1630789302017 ; 0.0 ; 0.0 ; 0.0 ; 0.0 ; 3782 ; 13376 ; 9594 ; 16666.666666666668 ; 4166.666666666667 ; 8333.333333333334 ; 0.0 ; 0.0 ; 3946.633482856956 ; 558880.1611980832 ; 123972.6541188095 ; -1534.64675638084 ; 0.1141552511415525 ; 0.0 ; 0.1141552511415525 ; 0.0 ; 0.0 ; 0.0 ; 0.0 
2023-01-07T11:00:00 ; 0.0 ; 0.0 ; 0.0 ; 0.0 ; 0.0 ; 0.0 ; 0.0 ; 0.0 ; 0.0 ; 0.0 ; 810.0 ; 810.0 ; 810.0 ; 810.0 ; 1170.0 ; 1170.0 ; 540.0 ; 540.0 ; 540.0 ; 540.0 ; 0.0 ; 0.0 ; 1770.1630789302017 ; 0.0 ; 0.0 ; 0.0 ; 0.0 ; 3943 ; 13453 ; 9510 ; 16666.666666666668 ; 4166.666666666667 ; 8333.333333333334 ; 0.0 ; 0.0 ; 3946.633482856956 ; 567213.4945314166 ; 120026.02063595255 ; -1534.64675638084 ; 0.1141552511415525 ; 0.0 ; 0.1141552511415525 ; 0.0 ; 0.0 ; 0.0 ; 0.0 
2023-01-07T12:00:00 ; 0.0 ; 0.0 ; 0.0 ; 0.0 ; 0.0 ; 0.0 ; 0.0 ; 0.0 ; 0.0 ; 0.0 ; 810.0 ; 810.0 ; 810.0 ; 810.0 ; 1170.0 ; 1170.0 ; 540.0 ; 540.0 ; 540.0 ; 540.0 ; 0.0 ; 0.0 ; 1705.1630789302017 ; 0.0 ; -0.0 ; 0.0 ; 0.0 ; 3975 ; 13420 ; 9445 ; 16666.666666666668 ; 4166.666666666667 ; 8333.333333333334 ; 0.0 ; 0.0 ; 3946.633482856956 ; 575546.8278647499 ; 116079.3871530956 ; -1534.64675638084 ; 0.1141552511415525 ; 0.0 ; 0.1141552511415525 ; 0.0 ; 0.0 ; 0.0 ; 0.0 
2023-01-07T13:00:00 ; 0.0 ; 0.0 ; 0.0 ; 0.0 ; 0.0 ; 0.0 ; 0.0 ; 0.0 ; 0.0 ; 0.0 ; 810.0 ; 810.0 ; 810.0 ; 810.0 ; 1170.0 ; 1170.0 ; 540.0 ; 540.0 ; 540.0 ; 540.0 ; 0.0 ; 0.0 ; 871.1630789302017 ; 0.0 ; -0.0 ; 0.0 ; 0.0 ; 4526 ; 13137 ; 8611 ; 16666.666666666668 ; 4166.666666666667 ; 8333.333333333334 ; 0.0 ; 0.0 ; 3946.633482856956 ; 583880.1611980833 ; 112132.75367023864 ; -1534.64675638084 ; 0.1141552511415525 ; 0.0 ; 0.1141552511415525 ; 0.0 ; 0.0 ; 0.0 ; 0.0 
2023-01-07T14:00:00 ; 0.0 ; 0.0 ; 0.0 ; 0.0 ; 0.0 ; 0.0 ; 0.0 ; 0.0 ; 0.0 ; 0.0 ; 810.0 ; 810.0 ; 810.0 ; 810.0 ; 1170.0 ; 1170.0 ; 540.0 ; 540.0 ; 540.0 ; 540.0 ; 0.0 ; 0.0 ; 770.1630789302017 ; 0.0 ; -0.0 ; 0.0 ; 0.0 ; 4348 ; 12858 ; 8510 ; 16666.666666666668 ; 4166.666666666667 ; 2632.019910285827 ; 0.0 ; 1754.679940190551 ; 0.0 ; 592213.4945314167 ; 108186.12018738169 ; 4166.666666666667 ; 0.1141552511415525 ; 0.0 ; 0.1141552511415525 ; 0.0 ; 0.0 ; 0.0 ; 0.0 
2023-01-07T15:00:00 ; 0.0 ; 0.0 ; 0.0 ; 0.0 ; 0.0 ; 0.0 ; 0.0 ; 0.0 ; 0.0 ; 0.0 ; 810.0 ; 810.0 ; 810.0 ; 810.0 ; 1170.0 ; 1170.0 ; 540.0 ; 540.0 ; 540.0 ; 540.0 ; 0.0 ; 0.0 ; 878.1630789302017 ; 0.0 ; -0.0 ; 0.0 ; 0.0 ; 4014 ; 12632 ; 8618 ; 16666.666666666668 ; 4166.666666666667 ; 8333.333333333334 ; 0.0 ; 0.0 ; 3946.633482856956 ; 594845.5144417025 ; 109940.80012757223 ; -1534.64675638084 ; 0.1141552511415525 ; 0.0 ; 0.1141552511415525 ; 0.0 ; 0.0 ; 0.0 ; 0.0 
2023-01-07T16:00:00 ; 0.0 ; 0.0 ; 0.0 ; 0.0 ; 0.0 ; 0.0 ; 0.0 ; 0.0 ; 0.0 ; 0.0 ; 810.0 ; 810.0 ; 810.0 ; 810.0 ; 1170.0 ; 1170.0 ; 540.0 ; 540.0 ; 540.0 ; 540.0 ; 0.0 ; 0.0 ; 1082.1630789302017 ; 0.0 ; -0.0 ; 0.0 ; 0.0 ; 3722 ; 12544 ; 8822 ; 16666.666666666668 ; 4166.666666666667 ; 2632.019910285827 ; 0.0 ; 1754.679940190551 ; 0.0 ; 603178.8477750359 ; 105994.16664471528 ; 4166.666666666667 ; 0.1141552511415525 ; 0.0 ; 0.1141552511415525 ; 0.0 ; 0.0 ; 0.0 ; 0.0 
2023-01-07T17:00:00 ; 0.0 ; 0.0 ; 0.0 ; 0.0 ; 0.0 ; 0.0 ; 0.0 ; 0.0 ; 0.0 ; 0.0 ; 810.0 ; 810.0 ; 810.0 ; 810.0 ; 1170.0 ; 1170.0 ; 540.0 ; 540.0 ; 540.0 ; 540.0 ; 0.0 ; 0.0 ; 2023.1630789302017 ; 0.0 ; -0.0 ; 0.0 ; 0.0 ; 3297 ; 13060 ; 9763 ; 16666.666666666668 ; 4166.666666666667 ; 2632.019910285827 ; 0.0 ; 1754.679940190551 ; 0.0 ; 605810.8676853217 ; 107748.84658490583 ; 4166.666666666667 ; 0.1141552511415525 ; 0.0 ; 0.1141552511415525 ; 0.0 ; 0.0 ; 0.0 ; 0.0 
2023-01-07T18:00:00 ; 0.0 ; 0.0 ; 0.0 ; 0.0 ; 0.0 ; 0.0 ; 0.0 ; 0.0 ; 0.0 ; 0.0 ; 810.0 ; 810.0 ; 810.0 ; 810.0 ; 1170.0 ; 1170.0 ; 540.0 ; 540.0 ; 540.0 ; 540.0 ; 0.0 ; 0.0 ; 2758.1630789302017 ; 0.0 ; -0.0 ; 0.0 ; 0.0 ; 2995 ; 13493 ; 10498 ; 16666.666666666668 ; 4166.666666666667 ; 2632.019910285827 ; 0.0 ; 1754.679940190551 ; 0.0 ; 608442.8875956075 ; 109503.52652509637 ; 4166.666666666667 ; 0.1141552511415525 ; 0.0 ; 0.1141552511415525 ; 0.0 ; 0.0 ; 0.0 ; 0.0 
2023-01-07T19:00:00 ; 0.0 ; 0.0 ; 0.0 ; 0.0 ; 0.0 ; 0.0 ; 0.0 ; 0.0 ; 0.0 ; 0.0 ; 810.0 ; 810.0 ; 810.0 ; 810.0 ; 1170.0 ; 1170.0 ; 540.0 ; 540.0 ; 540.0 ; 540.0 ; 0.0 ; 0.0 ; 3127.1630789302017 ; 0.0 ; -0.0 ; 0.0 ; 0.0 ; 2500 ; 13367 ; 10867 ; 16666.666666666668 ; 4166.666666666667 ; 2632.019910285827 ; 0.0 ; 1754.679940190551 ; 0.0 ; 611074.9075058934 ; 111258.20646528692 ; 4166.666666666667 ; 0.1141552511415525 ; 0.0 ; 0.1141552511415525 ; 0.0 ; 0.0 ; 0.0 ; 0.0 
2023-01-07T20:00:00 ; 0.0 ; 0.0 ; 0.0 ; 0.0 ; 0.0 ; 0.0 ; 0.0 ; 0.0 ; 0.0 ; 0.0 ; 810.0 ; 810.0 ; 810.0 ; 810.0 ; 1170.0 ; 1170.0 ; 540.0 ; 540.0 ; 540.0 ; 540.0 ; 0.0 ; 0.0 ; 1660.1630789302017 ; 0.0 ; -0.0 ; 0.0 ; 0.0 ; 3017 ; 12417 ; 9400 ; 16666.666666666668 ; 4166.666666666667 ; 2632.019910285827 ; 0.0 ; 1754.679940190551 ; 0.0 ; 613706.9274161792 ; 113012.88640547746 ; 4166.666666666667 ; 0.1141552511415525 ; 0.0 ; 0.1141552511415525 ; 0.0 ; 0.0 ; 0.0 ; 0.0 
2023-01-07T21:00:00 ; 0.0 ; 0.0 ; 0.0 ; 0.0 ; 0.0 ; 0.0 ; 0.0 ; 0.0 ; 0.0 ; 0.0 ; 810.0 ; 810.0 ; 810.0 ; 810.0 ; 1170.0 ; 1170.0 ; 540.0 ; 540.0 ; 540.0 ; 540.0 ; 0.0 ; 0.0 ; 2071.1630789302017 ; 0.0 ; -0.0 ; 0.0 ; 0.0 ; 1797 ; 11608 ; 9811 ; 16666.666666666668 ; 4166.666666666667 ; 2632.019910285827 ; 0.0 ; 1754.679940190551 ; 0.0 ; 616338.947326465 ; 114767.566345668 ; 4166.666666666667 ; 0.1141552511415525 ; 0.0 ; 0.1141552511415525 ; 0.0 ; 0.0 ; 0.0 ; 0.0 
2023-01-07T22:00:00 ; 0.0 ; 0.0 ; 0.0 ; 0.0 ; 0.0 ; 0.0 ; 0.0 ; 0.0 ; 0.0 ; 0.0 ; 810.0 ; 810.0 ; 810.0 ; 810.0 ; 1170.0 ; 1170.0 ; 540.0 ; 540.0 ; 540.0 ; 540.0 ; 0.0 ; 0.0 ; 712.1630789302017 ; 0.0 ; -0.0 ; 0.0 ; 0.0 ; 3240 ; 11692 ; 8452 ; 16666.666666666668 ; 4166.666666666667 ; 2632.019910285826 ; 0.0 ; 1754.679940190551 ; 0.0 ; 618970.9672367509 ; 116522.24628585855 ; 4166.666666666667 ; 0.1141552511415525 ; 0.0 ; 0.1141552511415525 ; 0.0 ; 0.0 ; 0.0 ; 0.0 
2023-01-07T23:00:00 ; 0.0 ; 0.0 ; 0.0 ; 0.0 ; 0.0 ; 0.0 ; 354.6 ; 354.6 ; 0.0 ; 0.0 ; 810.0 ; 810.0 ; 810.0 ; 810.0 ; 1170.0 ; 1170.0 ; 540.0 ; 540.0 ; 540.0 ; 540.0 ; 0.0 ; 0.0 ; 98.96307893020094 ; 0.0 ; 0.0 ; 0.0 ; 0.0 ; 3224 ; 11772 ; 8548 ; 0.0 ; 0.0 ; 0.0 ; 5128.633482856957 ; 0.0 ; 12500.0 ; 621602.9871470367 ; 118276.9262260491 ; -4739.346606857217 ; 0.1141552511415525 ; 0.0 ; 0.1141552511415525 ; 0.0 ; 0.0 ; 0.0 ; 0.0 

#STATE_END
stock_STEP;0.0
stock_battery;0.0
stock_CH4_S;621602.9871470367
stock_CH4_N;118276.9262260491
UCth_1;0.0
UCth_2;0.0
UCth_3;0.0
UCth_4;0.0
UCth_5;0.0
UCth_6;1.0
UCth_7;1.0
UCth_8;1.0
UCth_9;0.0
UCth_10;0.0
UCth_11;1.0
UCth_12;1.0
UCth_13;1.0
UCth_14;1.0
UCth_15;1.0
UCth_16;1.0
UCth_17;1.0
UCth_18;1.0
UCth_19;1.0
UCth_20;1.0
UCth_21;0.0
UCth_22;0.0
UC_CH4_S_1;0.0
UC_CH4_N_1;0.0
UC_CH4_S_2;1.0
UC_CH4_N_2;0.0
UC_H2_S;1.0
UC_H2_N;0.0
